Day,Meal Type,Food,Regional Type,Food Type,Trimester
Friday,Breakfast,Pineapple,North Indian,Veg,Trimester 1
Friday,Breakfast,Ananaas,North Indian,Veg,Trimester 1
Friday,Breakfast,Muskmelon,North Indian,Veg,Trimester 1
Friday,Breakfast,Kharbooja,North Indian,Veg,Trimester 1
Friday,Breakfast,Pear,North Indian,Veg,Trimester 1
Friday,Breakfast,Nashpati,North Indian,Veg,Trimester 1
Friday,Breakfast,Sapodilla,North Indian,Veg,Trimester 1
Friday,Breakfast,Chikoo,North Indian,Veg,Trimester 1
Friday,Lunch,Indian,North Indian,Veg,Trimester 1
Friday,Lunch,Gooseberry,North Indian,Veg,Trimester 1
Friday,Lunch,Amla Juice,North Indian,Veg,Trimester 1
Friday,Lunch,Steamed,North Indian,Veg,Trimester 1
Friday,Lunch,Sproutswith,North Indian,Veg,Trimester 1
Friday,Lunch,Tomato And,North Indian,Veg,Trimester 1
Friday,Lunch,Onion Tamatar,North Indian,Veg,Trimester 1
Friday,Lunch,Pyaaz,North Indian,Veg,Trimester 1
Friday,Lunch,Mango Aam,North Indian,Veg,Trimester 1
Friday,Lunch,Panna,North Indian,Veg,Trimester 1
Friday,Lunch,Puffed Rice,North Indian,Veg,Trimester 1
Friday,Lunch,Murmura With,North Indian,Veg,Trimester 1
Friday,Lunch,Peanuts,North Indian,Veg,Trimester 1
Friday,Lunch,Moongphali,North Indian,Veg,Trimester 1
Friday,Lunch,Lassi,North Indian,Veg,Trimester 1
Friday,Lunch,Sweet Potato,North Indian,Veg,Trimester 1
Friday,Lunch,Shakarkandi,North Indian,Veg,Trimester 1
Friday,Lunch,Chaat,North Indian,Veg,Trimester 1
Friday,Lunch,Buttermilk,North Indian,Veg,Trimester 1
Friday,Lunch,Chhaach,North Indian,Veg,Trimester 1
Friday,Lunch,Walnuts,North Indian,Veg,Trimester 1
Friday,Lunch,Akhrot And,North Indian,Veg,Trimester 1
Friday,Lunch,Raisins,North Indian,Veg,Trimester 1
Friday,Lunch,Kishmish,North Indian,Veg,Trimester 1
Friday,Snack1,Black Gram Urad Dal,North Indian,Veg,Trimester 1
Friday,Snack1,Lotus Stem Kamal,North Indian,Veg,Trimester 1
Friday,Snack1,Kakri Sabzi,North Indian,Veg,Trimester 1
Friday,Snack1,Chapati/Rice,North Indian,Veg,Trimester 1
Friday,Snack1,Horse Gram Kala,North Indian,Veg,Trimester 1
Friday,Snack1,Chana Dal,North Indian,Veg,Trimester 1
Friday,Snack1,Fenugreekand,North Indian,Veg,Trimester 1
Friday,Snack1,ColocasiaMethiarbi,North Indian,Veg,Trimester 1
Friday,Snack1,Sabzi,North Indian,Veg,Trimester 1
Friday,Snack1,Cumin Jeera Raita,North Indian,Veg,Trimester 1
Friday,Snack1,Spinachand Cottage,North Indian,Veg,Trimester 1
Friday,Snack1,Cheese Paalak Paneer,North Indian,Veg,Trimester 1
Friday,Snack1,Curry,North Indian,Veg,Trimester 1
Friday,Snack1,BeetrootChukandar,North Indian,Veg,Trimester 1
Friday,Snack1,Salad,North Indian,Veg,Trimester 1
Friday,Snack1,Pearl Millet Bajra Roti,North Indian,Veg,Trimester 1
Friday,Snack1,BlacklentilUrad Dal,North Indian,Veg,Trimester 1
Friday,Snack1,Capsicum Onion Shimla,North Indian,Veg,Trimester 1
Friday,Snack1,Mirchpyaaz Sabzi,North Indian,Veg,Trimester 1
Friday,Snack1,Mixed Flour Missi Roti,North Indian,Veg,Trimester 1
Monday,Breakfast,Custard,North Indian,Veg,Trimester 1
Monday,Breakfast,Apple,North Indian,Veg,Trimester 1
Monday,Breakfast,Sitaphal,North Indian,Veg,Trimester 1
Monday,Breakfast,Roasted,North Indian,Veg,Trimester 1
Monday,Breakfast,Peanuts,North Indian,Veg,Trimester 1
Monday,Breakfast,Moongphali,North Indian,Veg,Trimester 1
Monday,Breakfast,Mixed Fruit,North Indian,Veg,Trimester 1
Monday,Breakfast,And Nut,North Indian,Veg,Trimester 1
Monday,Breakfast,Salad,North Indian,Veg,Trimester 1
Monday,Breakfast,Guava,North Indian,Veg,Trimester 1
Monday,Breakfast,Amrud,North Indian,Veg,Trimester 1
Monday,Lunch,Lassi,North Indian,Veg,Trimester 1
Monday,Lunch,Apple Seb,North Indian,Veg,Trimester 1
Monday,Lunch,And Walnut,North Indian,Veg,Trimester 1
Monday,Lunch,Akhrot Chaat,North Indian,Veg,Trimester 1
Monday,Lunch,Pomegranate,North Indian,Veg,Trimester 1
Monday,Lunch,Anaar Juice,North Indian,Veg,Trimester 1
Monday,Lunch,Corn Makka,North Indian,Veg,Trimester 1
Monday,Lunch,Chaat,North Indian,Veg,Trimester 1
Monday,Lunch,Glass Of Milk,North Indian,Veg,Trimester 1
Monday,Lunch,Wheatrusk,North Indian,Veg,Trimester 1
Monday,Lunch,Coconut Water,North Indian,Veg,Trimester 1
Monday,Lunch,Nariyalpani,North Indian,Veg,Trimester 1
Monday,Lunch,Roasted,North Indian,Veg,Trimester 1
Monday,Lunch,Chickpea,North Indian,Veg,Trimester 1
Monday,Lunch,Chana,North Indian,Veg,Trimester 1
Monday,Snack1,BottlegourdLauki Kofta,North Indian,Veg,Trimester 1
Monday,Snack1,Curry,North Indian,Veg,Trimester 1
Monday,Snack1,Okra Bhindi Sabzi,North Indian,Veg,Trimester 1
Monday,Snack1,Pearl Millet Bajra Roti,North Indian,Veg,Trimester 1
Monday,Snack1,Khichdiwith Vegetables,North Indian,Veg,Trimester 1
Monday,Snack1,Mint Pudina Raita,North Indian,Veg,Trimester 1
Monday,Snack1,Roasted Papad,North Indian,Veg,Trimester 1
Monday,Snack1,Pigeon Pea,North Indian,Veg,Trimester 1
Monday,Snack1,Arhar/Toor Dal,North Indian,Veg,Trimester 1
Monday,Snack1,Beanswith Grated,North Indian,Veg,Trimester 1
Monday,Snack1,Coconut Beensnariyal,North Indian,Veg,Trimester 1
Monday,Snack1,Mango Pulp Aamras,North Indian,Veg,Trimester 1
Monday,Snack1,Rice,North Indian,Veg,Trimester 1
Monday,Snack1,RedlentilsMasoor Dal,North Indian,Veg,Trimester 1
Monday,Snack1,Potatoand Runner,North Indian,Veg,Trimester 1
Monday,Snack1,BeansAloo Sem,North Indian,Veg,Trimester 1
Monday,Snack1,Coriander Mint Dhaniya,North Indian,Veg,Trimester 1
Monday,Snack1,Pudina Chutney,North Indian,Veg,Trimester 1
Monday,Snack1,Finger Millet Ragi Roti,North Indian,Veg,Trimester 1
Saturday,Breakfast,Mixed Fruit,North Indian,Veg,Trimester 1
Saturday,Breakfast,Salad,North Indian,Veg,Trimester 1
Saturday,Breakfast,BananaKela,North Indian,Veg,Trimester 1
Saturday,Breakfast,Pomegranat,North Indian,Veg,Trimester 1
Saturday,Breakfast,EAnaar,North Indian,Veg,Trimester 1
Saturday,Breakfast,Muskmelon,North Indian,Veg,Trimester 1
Saturday,Breakfast,Kharbooja,North Indian,Veg,Trimester 1
Saturday,Dinner,Lan| First Trimester: Plan 1,North Indian,Veg,Trimester 1
Saturday,Dinner,Ent. We'Ve Highlighted In,North Indian,Veg,Trimester 1
Saturday,Dinner,To Help Your Body Make,North Indian,Veg,Trimester 1
Saturday,Dinner,Highlighted In Brown,North Indian,Veg,Trimester 1
Saturday,Dinner,Ake As It Can Pass On To,North Indian,Veg,Trimester 1
Saturday,Dinner,He Morning.,North Indian,Veg,Trimester 1
Saturday,Dinner,Dinner,North Indian,Veg,Trimester 1
Saturday,Dinner,Minced Meat And,North Indian,Non-Veg,Trimester 1
Saturday,Dinner,Peas Keemamatar,North Indian,Veg,Trimester 1
Saturday,Dinner,Curry,North Indian,Veg,Trimester 1
Saturday,Dinner,Cumin Jeera Raita,North Indian,Veg,Trimester 1
Saturday,Dinner,Chapati/Rice,North Indian,Veg,Trimester 1
Saturday,Dinner,Chickendo Pyaaza,North Indian,Non-Veg,Trimester 1
Saturday,Dinner,Cucumber And Carrot,North Indian,Veg,Trimester 1
Saturday,Dinner,Kheeragajar Salad,North Indian,Veg,Trimester 1
Saturday,Dinner,FenugreekMethi,North Indian,Veg,Trimester 1
Saturday,Dinner,Roti,North Indian,Veg,Trimester 1
Saturday,Dinner,Fishin Mustard,North Indian,Non-Veg,Trimester 1
Saturday,Dinner,Sarson Curry,North Indian,Veg,Trimester 1
Saturday,Dinner,BeansBeens Sabzi,North Indian,Veg,Trimester 1
Saturday,Dinner,Chickenand,North Indian,Non-Veg,Trimester 1
Saturday,Dinner,Spinach Paalak,North Indian,Veg,Trimester 1
Saturday,Dinner,Soup,North Indian,Veg,Trimester 1
Saturday,Dinner,Garlic Bread,North Indian,Veg,Trimester 1
Saturday,Dinner,Mutton Biryani,North Indian,Non-Veg,Trimester 1
Saturday,Dinner,Beetrootand Radish,North Indian,Veg,Trimester 1
Saturday,Dinner,Chukandar Mooli,North Indian,Veg,Trimester 1
Saturday,Dinner,Salad,North Indian,Veg,Trimester 1
Saturday,Dinner,Mint Pudina Raita,North Indian,Veg,Trimester 1
Saturday,Dinner,Eggcurry,North Indian,Non-Veg,Trimester 1
Saturday,Dinner,ColocasiaArbi,North Indian,Veg,Trimester 1
Saturday,Dinner,Sabzi,North Indian,Veg,Trimester 1
Saturday,Dinner,PeasMatar Pulao,North Indian,Veg,Trimester 1
Saturday,Dinner,Onion And Coriander,North Indian,Veg,Trimester 1
Saturday,Dinner,Pyaazdhaniya Raita,North Indian,Veg,Trimester 1
Saturday,Dinner,Www.Babycenter.In,North Indian,Veg,Trimester 1
Saturday,Lunch,Coconut Water,North Indian,Veg,Trimester 1
Saturday,Lunch,Nariyal Pani,North Indian,Veg,Trimester 1
Saturday,Lunch,Puffed Rice,North Indian,Veg,Trimester 1
Saturday,Lunch,Murmura With,North Indian,Veg,Trimester 1
Saturday,Lunch,Peanuts,North Indian,Veg,Trimester 1
Saturday,Lunch,Moongphali,North Indian,Veg,Trimester 1
Saturday,Lunch,Sattudrink,North Indian,Veg,Trimester 1
Saturday,Lunch,Jal Jeera,North Indian,Veg,Trimester 1
Saturday,Lunch,Flattened Rice,North Indian,Veg,Trimester 1
Saturday,Lunch,Poha,North Indian,Veg,Trimester 1
Saturday,Lunch,Pineapple,North Indian,Veg,Trimester 1
Saturday,Lunch,Ananaas Lassi,North Indian,Veg,Trimester 1
Saturday,Lunch,With Peas,North Indian,Veg,Trimester 1
Saturday,Lunch,Matar Poha,North Indian,Veg,Trimester 1
Saturday,Snack1,Mushroom And Peas,North Indian,Veg,Trimester 1
Saturday,Snack1,Khumb Matar Curry,North Indian,Veg,Trimester 1
Saturday,Snack1,Bitter Gourd Karela Sabzi,North Indian,Veg,Trimester 1
Saturday,Snack1,Finger Millet Ragi Roti,North Indian,Veg,Trimester 1
Saturday,Snack1,Mustardgreens,North Indian,Veg,Trimester 1
Saturday,Snack1,Sarsonsaag,North Indian,Veg,Trimester 1
Saturday,Snack1,JaggeryGur And Curd,North Indian,Veg,Trimester 1
Saturday,Snack1,Dahi,North Indian,Veg,Trimester 1
Saturday,Snack1,Makkekiroti,North Indian,Veg,Trimester 1
Saturday,Snack1,PeasMatar Masala,North Indian,Veg,Trimester 1
Saturday,Snack1,ColocasiaArbi Sabzi,North Indian,Veg,Trimester 1
Saturday,Snack1,Onion Pyaaz Parantha,North Indian,Veg,Trimester 1
Saturday,Snack1,Soyacurry,North Indian,Veg,Trimester 1
Saturday,Snack1,Cumin PotatoJeera,North Indian,Veg,Trimester 1
Saturday,Snack1,Aloo Sabzi,North Indian,Veg,Trimester 1
Saturday,Snack1,Rice,North Indian,Veg,Trimester 1
Thursday,Breakfast,Sapodilla,North Indian,Veg,Trimester 1
Thursday,Breakfast,Chikoo,North Indian,Veg,Trimester 1
Thursday,Breakfast,Mango Aam,North Indian,Veg,Trimester 1
Thursday,Breakfast,Plum Aloo,North Indian,Veg,Trimester 1
Thursday,Breakfast,Bhukhara,North Indian,Veg,Trimester 1
Thursday,Breakfast,Mixed Fruit,North Indian,Veg,Trimester 1
Thursday,Breakfast,Salad,North Indian,Veg,Trimester 1
Thursday,Lunch,Buttermilk,North Indian,Veg,Trimester 1
Thursday,Lunch,Chhaach,North Indian,Veg,Trimester 1
Thursday,Lunch,Dhokla,North Indian,Veg,Trimester 1
Thursday,Lunch,Tea,North Indian,Veg,Trimester 1
Thursday,Lunch,Khandavi,North Indian,Veg,Trimester 1
Thursday,Lunch,Lemonade,North Indian,Veg,Trimester 1
Thursday,Lunch,Nimbupani,North Indian,Veg,Trimester 1
Thursday,Lunch,Roasted,North Indian,Veg,Trimester 1
Thursday,Lunch,Chickpeas,North Indian,Veg,Trimester 1
Thursday,Lunch,Chana With,North Indian,Veg,Trimester 1
Thursday,Lunch,JaggeryGur,North Indian,Veg,Trimester 1
Thursday,Lunch,BananaKela,North Indian,Veg,Trimester 1
Thursday,Lunch,Milkshake,North Indian,Veg,Trimester 1
Thursday,Snack1,ChickpeasChhole,North Indian,Veg,Trimester 1
Thursday,Snack1,Curry,North Indian,Veg,Trimester 1
Thursday,Snack1,Cumin Jeera Rice,North Indian,Veg,Trimester 1
Thursday,Snack1,PomegranateAnaar,North Indian,Veg,Trimester 1
Thursday,Snack1,Raita,North Indian,Veg,Trimester 1
Thursday,Snack1,Mungbean Moong,North Indian,Veg,Trimester 1
Thursday,Snack1,Dal,North Indian,Veg,Trimester 1
Thursday,Snack1,Soyaand Potato Aloo,North Indian,Veg,Trimester 1
Thursday,Snack1,Cutlets,North Indian,Veg,Trimester 1
Thursday,Snack1,Curd Dahi,North Indian,Veg,Trimester 1
Thursday,Snack1,Chickpeaflour Besan,North Indian,Veg,Trimester 1
Thursday,Snack1,Roti,North Indian,Veg,Trimester 1
Thursday,Snack1,Red LentilMasoor Dal,North Indian,Veg,Trimester 1
Thursday,Snack1,Stuffed Round Gourd,North Indian,Veg,Trimester 1
Thursday,Snack1,Bharwatinda,North Indian,Veg,Trimester 1
Thursday,Snack1,CucumberKheera,North Indian,Veg,Trimester 1
Thursday,Snack1,Chapati/Rice,North Indian,Veg,Trimester 1
Thursday,Snack1,Khichdi,North Indian,Veg,Trimester 1
Thursday,Snack1,Onion Tomato And,North Indian,Veg,Trimester 1
Thursday,Snack1,Cucumber Pyaaztamatar,North Indian,Veg,Trimester 1
Thursday,Snack1,Kheera Raita,North Indian,Veg,Trimester 1
Thursday,Snack1,Roasted Papad,North Indian,Veg,Trimester 1
Tuesday,Breakfast,Guava,North Indian,Veg,Trimester 1
Tuesday,Breakfast,Amrud,North Indian,Veg,Trimester 1
Tuesday,Breakfast,Papaya,North Indian,Veg,Trimester 1
Tuesday,Breakfast,Papita,North Indian,Veg,Trimester 1
Tuesday,Breakfast,Custard,North Indian,Veg,Trimester 1
Tuesday,Breakfast,Apple,North Indian,Veg,Trimester 1
Tuesday,Breakfast,Sitaphal,North Indian,Veg,Trimester 1
Tuesday,Breakfast,Pear,North Indian,Veg,Trimester 1
Tuesday,Breakfast,Nashpati,North Indian,Veg,Trimester 1
Tuesday,Lunch,Sattudrink,North Indian,Veg,Trimester 1
Tuesday,Lunch,Lemonade,North Indian,Veg,Trimester 1
Tuesday,Lunch,Nimbupani,North Indian,Veg,Trimester 1
Tuesday,Lunch,Mixed Nuts,North Indian,Veg,Trimester 1
Tuesday,Lunch,Almond,North Indian,Veg,Trimester 1
Tuesday,Lunch,Badaam Milk,North Indian,Veg,Trimester 1
Tuesday,Lunch,Puffed Rice,North Indian,Veg,Trimester 1
Tuesday,Lunch,Murmura With,North Indian,Veg,Trimester 1
Tuesday,Lunch,Peanuts,North Indian,Veg,Trimester 1
Tuesday,Lunch,Moongphali,North Indian,Veg,Trimester 1
Tuesday,Lunch,Tea,North Indian,Veg,Trimester 1
Tuesday,Lunch,Roasted,North Indian,Veg,Trimester 1
Tuesday,Snack1,Kadhi,North Indian,Veg,Trimester 1
Tuesday,Snack1,PotatoAloo Sabzi,North Indian,Veg,Trimester 1
Tuesday,Snack1,Rice,North Indian,Veg,Trimester 1
Tuesday,Snack1,BesanGatta Curry,North Indian,Veg,Trimester 1
Tuesday,Snack1,Fenugreekpotato,North Indian,Veg,Trimester 1
Tuesday,Snack1,Methialoo Sabzi,North Indian,Veg,Trimester 1
Tuesday,Snack1,Chapati/Rice,North Indian,Veg,Trimester 1
Tuesday,Snack1,Soyacurry,North Indian,Veg,Trimester 1
Tuesday,Snack1,Okra Bhindi Sabzi,North Indian,Veg,Trimester 1
Tuesday,Snack1,Tomato And Onion Salad,North Indian,Veg,Trimester 1
Tuesday,Snack1,Tamatarpyaaz,North Indian,Veg,Trimester 1
Tuesday,Snack1,Cumin Jeera Rice,North Indian,Veg,Trimester 1
Tuesday,Snack1,MungbeanMoong Dal,North Indian,Veg,Trimester 1
Tuesday,Snack1,Bottle Gourd Lauki Sabzi,North Indian,Veg,Trimester 1
Tuesday,Snack1,Curd Dahi,North Indian,Veg,Trimester 1
Wednesday,Breakfast,Grapes,North Indian,Veg,Trimester 1
Wednesday,Breakfast,Angoor,North Indian,Veg,Trimester 1
Wednesday,Breakfast,Walnuts,North Indian,Veg,Trimester 1
Wednesday,Breakfast,Akhrot And,North Indian,Veg,Trimester 1
Wednesday,Breakfast,Raisins,North Indian,Veg,Trimester 1
Wednesday,Breakfast,Kishmish,North Indian,Veg,Trimester 1
Wednesday,Lunch,Banana Kela,North Indian,Veg,Trimester 1
Wednesday,Lunch,Milkshake,North Indian,Veg,Trimester 1
Wednesday,Lunch,Coconut Water,North Indian,Veg,Trimester 1
Wednesday,Lunch,Nariyalpani,North Indian,Veg,Trimester 1
Wednesday,Lunch,Carrot And,North Indian,Veg,Trimester 1
Wednesday,Lunch,Cucumber,North Indian,Veg,Trimester 1
Wednesday,Lunch,Gajarkheera,North Indian,Veg,Trimester 1
Wednesday,Lunch,Sticks,North Indian,Veg,Trimester 1
Wednesday,Lunch,Mango Aam,North Indian,Veg,Trimester 1
Wednesday,Lunch,Sattudrink,North Indian,Veg,Trimester 1
Wednesday,Snack1,Red Lentils Masoor Dal,North Indian,Veg,Trimester 1
Wednesday,Snack1,Fenugreekand Potato,North Indian,Veg,Trimester 1
Wednesday,Snack1,Methialoo Sabzi,North Indian,Veg,Trimester 1
Wednesday,Snack1,Curd Dahi,North Indian,Veg,Trimester 1
Wednesday,Snack1,Chapati/Rice,North Indian,Veg,Trimester 1
Wednesday,Snack1,MixedMilijhuli Dal,North Indian,Veg,Trimester 1
Wednesday,Snack1,Cottage Cheese And,North Indian,Veg,Trimester 1
Wednesday,Snack1,Capsicum Paneer,North Indian,Veg,Trimester 1
Wednesday,Snack1,Shimlamirch Sabzi,North Indian,Veg,Trimester 1
Wednesday,Snack1,Mixed Flour Missi Roti,North Indian,Veg,Trimester 1
Wednesday,Snack1,Chickpeacurry,North Indian,Veg,Trimester 1
Wednesday,Snack1,Chhole,North Indian,Veg,Trimester 1
Wednesday,Snack1,Radish Mooli Sabzi,North Indian,Veg,Trimester 1
Wednesday,Snack1,PomegranateAnaar,North Indian,Veg,Trimester 1
Wednesday,Snack1,Raita,North Indian,Veg,Trimester 1
Wednesday,Snack1,Rice,North Indian,Veg,Trimester 1
Wednesday,Snack1,Horse GramKala,North Indian,Veg,Trimester 1
Wednesday,Snack1,Chana Curry,North Indian,Veg,Trimester 1
Wednesday,Snack1,Okra Bhindi Sabzi,North Indian,Veg,Trimester 1
Wednesday,Snack1,Pomegranate Anaar,North Indian,Veg,Trimester 1
Friday,Breakfast,Banana,North Indian,Veg,Trimester 2
Friday,Breakfast,Kela,North Indian,Veg,Trimester 2
Friday,Breakfast,Carrot,North Indian,Veg,Trimester 2
Friday,Breakfast,Gajar Sticks,North Indian,Veg,Trimester 2
Friday,Breakfast,With Yoghurt,North Indian,Veg,Trimester 2
Friday,Breakfast,Dip Dahi,North Indian,Veg,Trimester 2
Friday,Breakfast,Papaya,North Indian,Veg,Trimester 2
Friday,Breakfast,Papita,North Indian,Veg,Trimester 2
Friday,Breakfast,Strawberries,North Indian,Veg,Trimester 2
Friday,Lunch,MangoAam,North Indian,Veg,Trimester 2
Friday,Lunch,Panna,North Indian,Veg,Trimester 2
Friday,Lunch,Greengram,North Indian,Veg,Trimester 2
Friday,Lunch,Harimoong,North Indian,Veg,Trimester 2
Friday,Lunch,Sproutschaat,North Indian,Veg,Trimester 2
Friday,Lunch,Coconut Water,North Indian,Veg,Trimester 2
Friday,Lunch,Nariyalpani,North Indian,Veg,Trimester 2
Friday,Lunch,Sweet Potato,North Indian,Veg,Trimester 2
Friday,Lunch,Shakarkandi,North Indian,Veg,Trimester 2
Friday,Lunch,Chaat,North Indian,Veg,Trimester 2
Friday,Lunch,Handful Of Nuts,North Indian,Veg,Trimester 2
Friday,Lunch,Baked Sweet,North Indian,Veg,Trimester 2
Friday,Lunch,Potato,North Indian,Veg,Trimester 2
Friday,Lunch,Shakarkhandi,North Indian,Veg,Trimester 2
Friday,Snack1,Red Lentil Masoor Dal,North Indian,Veg,Trimester 2
Friday,Snack1,Cabbage Pattagobhi,North Indian,Veg,Trimester 2
Friday,Snack1,Sabzi,North Indian,Veg,Trimester 2
Friday,Snack1,Tomatoand Onion,North Indian,Veg,Trimester 2
Friday,Snack1,Tamatarpyaaz Raita,North Indian,Veg,Trimester 2
Friday,Snack1,Chapati/Rice,North Indian,Veg,Trimester 2
Friday,Snack1,Peasand Cottage,North Indian,Veg,Trimester 2
Friday,Snack1,Cheese And Matar,North Indian,Veg,Trimester 2
Friday,Snack1,Paneer Curry,North Indian,Veg,Trimester 2
Friday,Snack1,Stuffed BrinjalBharwa,North Indian,Veg,Trimester 2
Friday,Snack1,Baingan,North Indian,Veg,Trimester 2
Friday,Snack1,Horse GramKala,North Indian,Veg,Trimester 2
Friday,Snack1,Chana Dal,North Indian,Veg,Trimester 2
Friday,Snack1,Fenugreekpotato,North Indian,Veg,Trimester 2
Friday,Snack1,Methialoo Sabzi,North Indian,Veg,Trimester 2
Friday,Snack1,Onion Pyaaz Stuffed,North Indian,Veg,Trimester 2
Friday,Snack1,Roti,North Indian,Veg,Trimester 2
Friday,Snack1,MixedMilijhuli Dal,North Indian,Veg,Trimester 2
Friday,Snack1,Cluster Beans,North Indian,Veg,Trimester 2
Friday,Snack1,Guarphali Sabzi,North Indian,Veg,Trimester 2
Friday,Snack1,Pineapple Ananaas,North Indian,Veg,Trimester 2
Friday,Snack1,Raita,North Indian,Veg,Trimester 2
Monday,Breakfast,Custard,North Indian,Veg,Trimester 2
Monday,Breakfast,Apple,North Indian,Veg,Trimester 2
Monday,Breakfast,Sitaphal,North Indian,Veg,Trimester 2
Monday,Breakfast,Guava,North Indian,Veg,Trimester 2
Monday,Breakfast,Amrud,North Indian,Veg,Trimester 2
Monday,Breakfast,Pomegranate,North Indian,Veg,Trimester 2
Monday,Breakfast,Anaar,North Indian,Veg,Trimester 2
Monday,Breakfast,Mixed Fruit,North Indian,Veg,Trimester 2
Monday,Breakfast,Chaat,North Indian,Veg,Trimester 2
Monday,Lunch,Strawberry,North Indian,Veg,Trimester 2
Monday,Lunch,Milkshake,North Indian,Veg,Trimester 2
Monday,Lunch,Mixed Nuts,North Indian,Veg,Trimester 2
Monday,Lunch,Wood Apple,North Indian,Veg,Trimester 2
Monday,Lunch,Bael Sharbat,North Indian,Veg,Trimester 2
Monday,Lunch,Jal Jeera,North Indian,Veg,Trimester 2
Monday,Lunch,Corn Makka,North Indian,Veg,Trimester 2
Monday,Lunch,Chaat,North Indian,Veg,Trimester 2
Monday,Lunch,Lemonade,North Indian,Veg,Trimester 2
Monday,Lunch,Nimbupani,North Indian,Veg,Trimester 2
Monday,Lunch,Dhokla,North Indian,Veg,Trimester 2
Monday,Snack1,Lamb'S Quarter,North Indian,Veg,Trimester 2
Monday,Snack1,Bathua Dal,North Indian,Veg,Trimester 2
Monday,Snack1,ColocasiaArbi Sabzi,North Indian,Veg,Trimester 2
Monday,Snack1,Pearl Millet Bajra Roti,North Indian,Veg,Trimester 2
Monday,Snack1,Red Lentil Masoor Dal,North Indian,Veg,Trimester 2
Monday,Snack1,Okra Bhindi Sabzi,North Indian,Veg,Trimester 2
Monday,Snack1,Cucumber And,North Indian,Veg,Trimester 2
Monday,Snack1,FlaxseedKheeraalsi,North Indian,Veg,Trimester 2
Monday,Snack1,Raita,North Indian,Veg,Trimester 2
Monday,Snack1,Chapati/Rice,North Indian,Veg,Trimester 2
Monday,Snack1,Kadhi,North Indian,Veg,Trimester 2
Monday,Snack1,Mintpotato Pudina,North Indian,Veg,Trimester 2
Monday,Snack1,Aloo Sabzi,North Indian,Veg,Trimester 2
Monday,Snack1,Rice,North Indian,Veg,Trimester 2
Monday,Snack1,Soyacurry,North Indian,Veg,Trimester 2
Monday,Snack1,Cottage Cheese,North Indian,Veg,Trimester 2
Monday,Snack1,Capsicum Paneer,North Indian,Veg,Trimester 2
Monday,Snack1,Shimla Mirch Sabzi,North Indian,Veg,Trimester 2
Monday,Snack1,FlaxseedAlsi Roti,North Indian,Veg,Trimester 2
Saturday,Breakfast,Ripe Papaya,North Indian,Veg,Trimester 2
Saturday,Breakfast,Papita,North Indian,Veg,Trimester 2
Saturday,Breakfast,Smoothie,North Indian,Veg,Trimester 2
Saturday,Breakfast,Cherry,North Indian,Veg,Trimester 2
Saturday,Breakfast,Custard Apple,North Indian,Veg,Trimester 2
Saturday,Breakfast,Sitaphal,North Indian,Veg,Trimester 2
Saturday,Dinner,N| Second Trimester: Plan 1,North Indian,Veg,Trimester 2
Saturday,Dinner,Nfoods That Are Rich In,North Indian,Veg,Trimester 2
Saturday,Dinner,In Bluefoods That Are Rich In,North Indian,Veg,Trimester 2
Saturday,Dinner,E Rich In Betacarotene. You'Ll,North Indian,Veg,Trimester 2
Saturday,Dinner,Ighlighted In Green Foods,North Indian,Veg,Trimester 2
Saturday,Dinner,E Foods Containing Caffeine.,North Indian,Veg,Trimester 2
Saturday,Dinner,Orb Iron.,North Indian,Veg,Trimester 2
Saturday,Dinner,Dinner,North Indian,Veg,Trimester 2
Saturday,Dinner,Eggcurry,North Indian,Non-Veg,Trimester 2
Saturday,Dinner,Sesamepotato Til,North Indian,Veg,Trimester 2
Saturday,Dinner,Aloo Sabzi,North Indian,Veg,Trimester 2
Saturday,Dinner,Rice,North Indian,Veg,Trimester 2
Saturday,Dinner,Black Gram Urad Dal,North Indian,Veg,Trimester 2
Saturday,Dinner,Spinachand Potato,North Indian,Veg,Trimester 2
Saturday,Dinner,Paalakaloo Sabzi,North Indian,Veg,Trimester 2
Saturday,Dinner,CurdDahi,North Indian,Veg,Trimester 2
Saturday,Dinner,Onion Pyaaz Stuffed,North Indian,Veg,Trimester 2
Saturday,Dinner,Roti,North Indian,Veg,Trimester 2
Saturday,Dinner,Mincedmeatwith,North Indian,Non-Veg,Trimester 2
Saturday,Dinner,TomatoKeema,North Indian,Veg,Trimester 2
Saturday,Dinner,Tamatar,North Indian,Veg,Trimester 2
Saturday,Dinner,Beetroot Chukandar,North Indian,Veg,Trimester 2
Saturday,Dinner,Sabzi,North Indian,Veg,Trimester 2
Saturday,Dinner,Chapati/Rice,North Indian,Veg,Trimester 2
Saturday,Dinner,Tandoori Chicken,North Indian,Non-Veg,Trimester 2
Saturday,Dinner,"Cottage Cheese,",North Indian,Veg,Trimester 2
Saturday,Dinner,Capsicum Paneer,North Indian,Veg,Trimester 2
Saturday,Dinner,Shimlamirch Sabzi,North Indian,Veg,Trimester 2
Saturday,Dinner,Cucumber Kheera,North Indian,Veg,Trimester 2
Saturday,Dinner,Raita,North Indian,Veg,Trimester 2
Saturday,Dinner,PomfretChandava,North Indian,Veg,Trimester 2
Saturday,Dinner,MintPudina Rice,North Indian,Veg,Trimester 2
Saturday,Dinner,Coconut Nariyal,North Indian,Veg,Trimester 2
Saturday,Dinner,Chutney,North Indian,Veg,Trimester 2
Saturday,Dinner,FenugreekMethi,North Indian,Veg,Trimester 2
Saturday,Dinner,Chicken,North Indian,Non-Veg,Trimester 2
Saturday,Dinner,Chapati/Parantha,North Indian,Veg,Trimester 2
Saturday,Dinner,Dum Aloo,North Indian,Veg,Trimester 2
Saturday,Dinner,BeansBeens Sabzi,North Indian,Veg,Trimester 2
Saturday,Dinner,Www.Babycenter.In,North Indian,Veg,Trimester 2
Saturday,Lunch,Jaljeera,North Indian,Veg,Trimester 2
Saturday,Lunch,SesameTil,North Indian,Veg,Trimester 2
Saturday,Lunch,Ladoo,North Indian,Veg,Trimester 2
Saturday,Lunch,Tea,North Indian,Veg,Trimester 2
Saturday,Lunch,Chickpeas,North Indian,Veg,Trimester 2
Saturday,Lunch,Chhole Chaat,North Indian,Veg,Trimester 2
Saturday,Lunch,Rose Milk,North Indian,Veg,Trimester 2
Saturday,Lunch,Semolina Suji,North Indian,Veg,Trimester 2
Saturday,Lunch,Rusk,North Indian,Veg,Trimester 2
Saturday,Lunch,Almond,North Indian,Veg,Trimester 2
Saturday,Lunch,Badaam Milk,North Indian,Veg,Trimester 2
Saturday,Lunch,Steamed Corn,North Indian,Veg,Trimester 2
Saturday,Lunch,Makka,North Indian,Veg,Trimester 2
Saturday,Snack1,Soyacurry,North Indian,Veg,Trimester 2
Saturday,Snack1,Ridge Gourd Tori Sabzi,North Indian,Veg,Trimester 2
Saturday,Snack1,Pomegranate Anaar,North Indian,Veg,Trimester 2
Saturday,Snack1,Raita,North Indian,Veg,Trimester 2
Saturday,Snack1,Chapati/Rice,North Indian,Veg,Trimester 2
Saturday,Snack1,Chicken Biryani,North Indian,Non-Veg,Trimester 2
Saturday,Snack1,Cucumber Spring,North Indian,Veg,Trimester 2
Saturday,Snack1,OnionKheerahari,North Indian,Veg,Trimester 2
Saturday,Snack1,Pyaaz Raita,North Indian,Veg,Trimester 2
Saturday,Snack1,MintPudina Chutney,North Indian,Veg,Trimester 2
Saturday,Snack1,Soyaand PeaSoya,North Indian,Veg,Trimester 2
Saturday,Snack1,Matar Curry,North Indian,Veg,Trimester 2
Saturday,Snack1,PumpkinKaddu,North Indian,Veg,Trimester 2
Saturday,Snack1,Sabzi,North Indian,Veg,Trimester 2
Saturday,Snack1,FenugreekMethi,North Indian,Veg,Trimester 2
Saturday,Snack1,Chicken,North Indian,Non-Veg,Trimester 2
Saturday,Snack1,Tomato Carrot And,North Indian,Veg,Trimester 2
Saturday,Snack1,Onion Tamatar Gajar,North Indian,Veg,Trimester 2
Saturday,Snack1,Pyaaz Salad,North Indian,Veg,Trimester 2
Thursday,Breakfast,Apple Seb,North Indian,Veg,Trimester 2
Thursday,Breakfast,Watermelon,North Indian,Veg,Trimester 2
Thursday,Breakfast,Tarbooj,North Indian,Veg,Trimester 2
Thursday,Lunch,Sattudrink,North Indian,Veg,Trimester 2
Thursday,Lunch,Tomato,North Indian,Veg,Trimester 2
Thursday,Lunch,Tamatar Juice,North Indian,Veg,Trimester 2
Thursday,Lunch,Cucumber,North Indian,Veg,Trimester 2
Thursday,Lunch,Kheera Sticks,North Indian,Veg,Trimester 2
Thursday,Lunch,Lassi,North Indian,Veg,Trimester 2
Thursday,Lunch,Dhokla,North Indian,Veg,Trimester 2
Thursday,Lunch,Jaljeera,North Indian,Veg,Trimester 2
Thursday,Lunch,Flattened Rice,North Indian,Veg,Trimester 2
Thursday,Lunch,Poha With,North Indian,Veg,Trimester 2
Thursday,Lunch,PeasMatar,North Indian,Veg,Trimester 2
Thursday,Snack1,Bottle Gourd Lauki,North Indian,Veg,Trimester 2
Thursday,Snack1,Koftacurry,North Indian,Veg,Trimester 2
Thursday,Snack1,Cauliflower And Potato,North Indian,Veg,Trimester 2
Thursday,Snack1,Gobhialoo Sabzi,North Indian,Veg,Trimester 2
Thursday,Snack1,Chapati/Rice,North Indian,Veg,Trimester 2
Thursday,Snack1,Kidney BeansRajma,North Indian,Veg,Trimester 2
Thursday,Snack1,Curry,North Indian,Veg,Trimester 2
Thursday,Snack1,Beansand Carrot,North Indian,Veg,Trimester 2
Thursday,Snack1,Beensgajar Sabzi,North Indian,Veg,Trimester 2
Thursday,Snack1,CurdDahi,North Indian,Veg,Trimester 2
Thursday,Snack1,Cumin Jeera Rice,North Indian,Veg,Trimester 2
Thursday,Snack1,Vegetable Biryani,North Indian,Veg,Trimester 2
Thursday,Snack1,Onion TomatoPyaaz,North Indian,Veg,Trimester 2
Thursday,Snack1,Tamatar Raita,North Indian,Veg,Trimester 2
Thursday,Snack1,Roasted Papad,North Indian,Veg,Trimester 2
Thursday,Snack1,Red Lentil Masoor,North Indian,Veg,Trimester 2
Thursday,Snack1,Dal,North Indian,Veg,Trimester 2
Thursday,Snack1,Cabbage PeasPatta,North Indian,Veg,Trimester 2
Thursday,Snack1,Gobhimatar Sabzi,North Indian,Veg,Trimester 2
Thursday,Snack1,BuckwheatKuttu,North Indian,Veg,Trimester 2
Thursday,Snack1,Chapati,North Indian,Veg,Trimester 2
Tuesday,Breakfast,Grapes,North Indian,Veg,Trimester 2
Tuesday,Breakfast,Angoor,North Indian,Veg,Trimester 2
Tuesday,Breakfast,Pomegranate,North Indian,Veg,Trimester 2
Tuesday,Breakfast,Anaar,North Indian,Veg,Trimester 2
Tuesday,Breakfast,Guava,North Indian,Veg,Trimester 2
Tuesday,Breakfast,Amrud,North Indian,Veg,Trimester 2
Tuesday,Lunch,Lemonade,North Indian,Veg,Trimester 2
Tuesday,Lunch,Nimbupani,North Indian,Veg,Trimester 2
Tuesday,Lunch,Chickpeas,North Indian,Veg,Trimester 2
Tuesday,Lunch,Chhole Chaat,North Indian,Veg,Trimester 2
Tuesday,Lunch,Handful Of Nuts,North Indian,Veg,Trimester 2
Tuesday,Lunch,Tomato Carrot,North Indian,Veg,Trimester 2
Tuesday,Lunch,Tamatar Gajar,North Indian,Veg,Trimester 2
Tuesday,Lunch,Juice,North Indian,Veg,Trimester 2
Tuesday,Lunch,Bhelpuri,North Indian,Veg,Trimester 2
Tuesday,Lunch,Lassi,North Indian,Veg,Trimester 2
Tuesday,Lunch,Mixed Nutswith,North Indian,Veg,Trimester 2
Tuesday,Lunch,Raisins,North Indian,Veg,Trimester 2
Tuesday,Lunch,Kishmish,North Indian,Veg,Trimester 2
Tuesday,Snack1,Mustard Sarson Fish,North Indian,Non-Veg,Trimester 2
Tuesday,Snack1,Curry,North Indian,Veg,Trimester 2
Tuesday,Snack1,Okra Bhindi Sabzi,North Indian,Veg,Trimester 2
Tuesday,Snack1,Rice,North Indian,Veg,Trimester 2
Tuesday,Snack1,ChickpeaChhole,North Indian,Veg,Trimester 2
Tuesday,Snack1,FenugreekMethi,North Indian,Veg,Trimester 2
Tuesday,Snack1,Kulcha,North Indian,Veg,Trimester 2
Tuesday,Snack1,Raita,North Indian,Veg,Trimester 2
Tuesday,Snack1,RedlentilMasoor,North Indian,Veg,Trimester 2
Tuesday,Snack1,Dal,North Indian,Veg,Trimester 2
Tuesday,Snack1,Round Gourd Tinda,North Indian,Veg,Trimester 2
Tuesday,Snack1,Sabzi,North Indian,Veg,Trimester 2
Tuesday,Snack1,Onion Pyaaz Raita,North Indian,Veg,Trimester 2
Tuesday,Snack1,Chapati/Rice,North Indian,Veg,Trimester 2
Tuesday,Snack1,Spinachand Corn,North Indian,Veg,Trimester 2
Tuesday,Snack1,Paalakmakka Saag,North Indian,Veg,Trimester 2
Tuesday,Snack1,Beetroot Chukandar,North Indian,Veg,Trimester 2
Tuesday,Snack1,Salad,North Indian,Veg,Trimester 2
Wednesday,Breakfast,Watermelon,North Indian,Veg,Trimester 2
Wednesday,Breakfast,Tarbooj,North Indian,Veg,Trimester 2
Wednesday,Breakfast,Apple Seb,North Indian,Veg,Trimester 2
Wednesday,Breakfast,Pineapple,North Indian,Veg,Trimester 2
Wednesday,Breakfast,Ananaas,North Indian,Veg,Trimester 2
Wednesday,Lunch,Lassi,North Indian,Veg,Trimester 2
Wednesday,Lunch,Puffed Rice,North Indian,Veg,Trimester 2
Wednesday,Lunch,Murmura With,North Indian,Veg,Trimester 2
Wednesday,Lunch,Peanuts,North Indian,Veg,Trimester 2
Wednesday,Lunch,Moongphali,North Indian,Veg,Trimester 2
Wednesday,Lunch,Orange,North Indian,Veg,Trimester 2
Wednesday,Lunch,Santara Juice,North Indian,Veg,Trimester 2
Wednesday,Lunch,Cheesewith,North Indian,Veg,Trimester 2
Wednesday,Lunch,Crackers,North Indian,Veg,Trimester 2
Wednesday,Lunch,Lemonade,North Indian,Veg,Trimester 2
Wednesday,Lunch,Nimbupani,North Indian,Veg,Trimester 2
Wednesday,Lunch,Revri,North Indian,Veg,Trimester 2
Wednesday,Lunch,CarrotGajar,North Indian,Veg,Trimester 2
Wednesday,Lunch,Juice,North Indian,Veg,Trimester 2
Wednesday,Lunch,Murmura,North Indian,Veg,Trimester 2
Wednesday,Snack1,Peasand FoxnutMatar,North Indian,Veg,Trimester 2
Wednesday,Snack1,Makhana Gravy,North Indian,Veg,Trimester 2
Wednesday,Snack1,Bitter Gourd Karela,North Indian,Veg,Trimester 2
Wednesday,Snack1,Sabzi,North Indian,Veg,Trimester 2
Wednesday,Snack1,Chapati/Rice,North Indian,Veg,Trimester 2
Wednesday,Snack1,Fishcurry,North Indian,Non-Veg,Trimester 2
Wednesday,Snack1,Mintpotato Pudina,North Indian,Veg,Trimester 2
Wednesday,Snack1,Aloo Sabzi,North Indian,Veg,Trimester 2
Wednesday,Snack1,Rice,North Indian,Veg,Trimester 2
Wednesday,Snack1,Black-Eyed Pea,North Indian,Veg,Trimester 2
Wednesday,Snack1,Lobhia Dal,North Indian,Veg,Trimester 2
Wednesday,Snack1,Cottage Cheese,North Indian,Veg,Trimester 2
Wednesday,Snack1,Capsicum Paneer,North Indian,Veg,Trimester 2
Wednesday,Snack1,Shimlamirch Sabzi,North Indian,Veg,Trimester 2
Wednesday,Snack1,Green Gram Hari,North Indian,Veg,Trimester 2
Wednesday,Snack1,Moong Dal,North Indian,Veg,Trimester 2
Wednesday,Snack1,ColocasiaArbi Dry,North Indian,Veg,Trimester 2
Wednesday,Snack1,MintPudina Raita,North Indian,Veg,Trimester 2
Wednesday,Snack1,Mixed Flour Missi Roti,North Indian,Veg,Trimester 2
Friday,Breakfast,Pear,North Indian,Veg,Trimester 3
Friday,Breakfast,Nashpati,North Indian,Veg,Trimester 3
Friday,Breakfast,Guava,North Indian,Veg,Trimester 3
Friday,Breakfast,Amrud,North Indian,Veg,Trimester 3
Friday,Breakfast,Mixed Nuts,North Indian,Veg,Trimester 3
Friday,Breakfast,Apple Seb,North Indian,Veg,Trimester 3
Friday,Lunch,Lassi,North Indian,Veg,Trimester 3
Friday,Lunch,BananaKela,North Indian,Veg,Trimester 3
Friday,Lunch,Walnut,North Indian,Veg,Trimester 3
Friday,Lunch,Akhrot Salad,North Indian,Veg,Trimester 3
Friday,Lunch,Buttermilk,North Indian,Veg,Trimester 3
Friday,Lunch,Chhaach,North Indian,Veg,Trimester 3
Friday,Lunch,Grapes,North Indian,Veg,Trimester 3
Friday,Lunch,Angoor,North Indian,Veg,Trimester 3
Friday,Lunch,Almond,North Indian,Veg,Trimester 3
Friday,Lunch,Badaam Milk,North Indian,Veg,Trimester 3
Friday,Lunch,Wheat Rusk,North Indian,Veg,Trimester 3
Friday,Snack1,Bottle Gourd Lauki Kofta,North Indian,Veg,Trimester 3
Friday,Snack1,Curry,North Indian,Veg,Trimester 3
Friday,Snack1,RadishMooli Salad,North Indian,Veg,Trimester 3
Friday,Snack1,ChickpeaflourBesan,North Indian,Veg,Trimester 3
Friday,Snack1,Roti,North Indian,Veg,Trimester 3
Friday,Snack1,Mustard Greens Sarson,North Indian,Veg,Trimester 3
Friday,Snack1,Kasaag,North Indian,Veg,Trimester 3
Friday,Snack1,JaggeryGur And Curd,North Indian,Veg,Trimester 3
Friday,Snack1,Dahi,North Indian,Veg,Trimester 3
Friday,Snack1,Makkekiroti,North Indian,Veg,Trimester 3
Friday,Snack1,Black Eyed Peas,North Indian,Veg,Trimester 3
Friday,Snack1,Lobhia,North Indian,Veg,Trimester 3
Friday,Snack1,Round Gourd Tinda,North Indian,Veg,Trimester 3
Friday,Snack1,Sabzi,North Indian,Veg,Trimester 3
Friday,Snack1,FenugreekMethi Roti,North Indian,Veg,Trimester 3
Friday,Snack1,Cauliflower Gobhi,North Indian,Veg,Trimester 3
Friday,Snack1,Parantha,North Indian,Veg,Trimester 3
Friday,Snack1,Raita,North Indian,Veg,Trimester 3
Friday,Snack1,Mangopulp Aam Ras,North Indian,Veg,Trimester 3
Monday,Breakfast,Sapodilla,North Indian,Veg,Trimester 3
Monday,Breakfast,Chikoo,North Indian,Veg,Trimester 3
Monday,Breakfast,Pomegranate,North Indian,Veg,Trimester 3
Monday,Breakfast,Anaar,North Indian,Veg,Trimester 3
Monday,Breakfast,Custard,North Indian,Veg,Trimester 3
Monday,Breakfast,Apple,North Indian,Veg,Trimester 3
Monday,Breakfast,Sitaphal,North Indian,Veg,Trimester 3
Monday,Lunch,Lemonade,North Indian,Veg,Trimester 3
Monday,Lunch,Nimbupani,North Indian,Veg,Trimester 3
Monday,Lunch,Puffed Rice,North Indian,Veg,Trimester 3
Monday,Lunch,Murmura With,North Indian,Veg,Trimester 3
Monday,Lunch,Peanuts,North Indian,Veg,Trimester 3
Monday,Lunch,Moongphali,North Indian,Veg,Trimester 3
Monday,Lunch,Lassi,North Indian,Veg,Trimester 3
Monday,Lunch,Murmura,North Indian,Veg,Trimester 3
Monday,Lunch,With Roasted,North Indian,Veg,Trimester 3
Monday,Lunch,Tea,North Indian,Veg,Trimester 3
Monday,Lunch,Wheat Rusk,North Indian,Veg,Trimester 3
Monday,Lunch,FigAnjeer,North Indian,Veg,Trimester 3
Monday,Lunch,And Banana,North Indian,Veg,Trimester 3
Monday,Lunch,Kela Smoothie,North Indian,Veg,Trimester 3
Monday,Snack1,Mung Bean Moong Dal,North Indian,Veg,Trimester 3
Monday,Snack1,Mushroom And Tomato,North Indian,Veg,Trimester 3
Monday,Snack1,Khumb Tamatar Sabzi,North Indian,Veg,Trimester 3
Monday,Snack1,Beetroot And Onion,North Indian,Veg,Trimester 3
Monday,Snack1,Chukandarpyaaz Salad,North Indian,Veg,Trimester 3
Monday,Snack1,Mixed Flour Missi Roti,North Indian,Veg,Trimester 3
Monday,Snack1,Vegetable Khichdi,North Indian,Veg,Trimester 3
Monday,Snack1,PomegranateAnaar Raita,North Indian,Veg,Trimester 3
Monday,Snack1,Peasand Foxnut Matar,North Indian,Veg,Trimester 3
Monday,Snack1,Makhana Curry,North Indian,Veg,Trimester 3
Monday,Snack1,Bitter Gourd Karela,North Indian,Veg,Trimester 3
Monday,Snack1,Sabzi,North Indian,Veg,Trimester 3
Monday,Snack1,Curd Dahi,North Indian,Veg,Trimester 3
Monday,Snack1,Pearl Millet Bajra Roti,North Indian,Veg,Trimester 3
Monday,Snack1,Mixed Vegetable Pulao,North Indian,Veg,Trimester 3
Monday,Snack1,Mint Pudina Raita,North Indian,Veg,Trimester 3
Monday,Snack1,Cucumber Kheera,North Indian,Veg,Trimester 3
Monday,Snack1,Salad,North Indian,Veg,Trimester 3
Saturday,Breakfast,Papaya,North Indian,Veg,Trimester 3
Saturday,Breakfast,Papita,North Indian,Veg,Trimester 3
Saturday,Breakfast,Banana,North Indian,Veg,Trimester 3
Saturday,Breakfast,Kela,North Indian,Veg,Trimester 3
Saturday,Breakfast,Papaya Papita,North Indian,Veg,Trimester 3
Saturday,Breakfast,Dates,North Indian,Veg,Trimester 3
Saturday,Breakfast,Khajoor,North Indian,Veg,Trimester 3
Saturday,Dinner,Lan | Thirdtrimester: Plan 1,North Indian,Veg,Trimester 3
Saturday,Dinner,N Energy Boost. Vitamin K,North Indian,Veg,Trimester 3
Saturday,Dinner,E Rich In Vitamin K.,North Indian,Veg,Trimester 3
Saturday,Dinner,Baby. We'Ve Highlighted In,North Indian,Veg,Trimester 3
Saturday,Dinner,E Highlighted In Dark Orange,North Indian,Veg,Trimester 3
Saturday,Dinner,Ing And Afternoon Snacks!,North Indian,Veg,Trimester 3
Saturday,Dinner,Dinner,North Indian,Veg,Trimester 3
Saturday,Dinner,Muttoncurry,North Indian,Non-Veg,Trimester 3
Saturday,Dinner,CorianderDhaniya,North Indian,Veg,Trimester 3
Saturday,Dinner,Rice,North Indian,Veg,Trimester 3
Saturday,Dinner,Onion And Tomato,North Indian,Veg,Trimester 3
Saturday,Dinner,Pyaaz Tamatar Raita,North Indian,Veg,Trimester 3
Saturday,Dinner,BlackgramUrad,North Indian,Veg,Trimester 3
Saturday,Dinner,Dal,North Indian,Veg,Trimester 3
Saturday,Dinner,Fenugreekpotato,North Indian,Veg,Trimester 3
Saturday,Dinner,Methialoo Sabzi,North Indian,Veg,Trimester 3
Saturday,Dinner,Curd Dahi,North Indian,Veg,Trimester 3
Saturday,Dinner,Chapati/Rice,North Indian,Veg,Trimester 3
Saturday,Dinner,MixedMilijhuli Dal,North Indian,Veg,Trimester 3
Saturday,Dinner,Chickentikka,North Indian,Non-Veg,Trimester 3
Saturday,Dinner,GreengramHari,North Indian,Veg,Trimester 3
Saturday,Dinner,Moong Sprouts,North Indian,Veg,Trimester 3
Saturday,Dinner,Salad,North Indian,Veg,Trimester 3
Saturday,Dinner,Minced Meatwith,North Indian,Non-Veg,Trimester 3
Saturday,Dinner,PeasKeemamatar,North Indian,Veg,Trimester 3
Saturday,Dinner,Beetroot Chukandar,North Indian,Veg,Trimester 3
Saturday,Dinner,Sabzi,North Indian,Veg,Trimester 3
Saturday,Dinner,Tandoorichicken,North Indian,Non-Veg,Trimester 3
Saturday,Dinner,Beansandcarrot,North Indian,Veg,Trimester 3
Saturday,Dinner,Beensgajar Sabzi,North Indian,Veg,Trimester 3
Saturday,Dinner,Chapati,North Indian,Veg,Trimester 3
Saturday,Dinner,Karahichicken,North Indian,Non-Veg,Trimester 3
Saturday,Dinner,Cumin Jeera Rice,North Indian,Veg,Trimester 3
Saturday,Dinner,Onion Cucumber,North Indian,Veg,Trimester 3
Saturday,Dinner,Pyaazkheera Salad,North Indian,Veg,Trimester 3
Saturday,Dinner,Mutton Biryani,North Indian,Non-Veg,Trimester 3
Saturday,Dinner,Mint And Onion,North Indian,Veg,Trimester 3
Saturday,Dinner,Pudina Pyaaz Raita,North Indian,Veg,Trimester 3
Saturday,Dinner,Www.Babycenter.In,North Indian,Veg,Trimester 3
Saturday,Lunch,Mango Aam,North Indian,Veg,Trimester 3
Saturday,Lunch,Panna,North Indian,Veg,Trimester 3
Saturday,Lunch,Roasted,North Indian,Veg,Trimester 3
Saturday,Lunch,Chickpeas,North Indian,Veg,Trimester 3
Saturday,Lunch,Chana,North Indian,Veg,Trimester 3
Saturday,Lunch,Coconut Water,North Indian,Veg,Trimester 3
Saturday,Lunch,Nariyalpani,North Indian,Veg,Trimester 3
Saturday,Lunch,Mixed Nutsand,North Indian,Veg,Trimester 3
Saturday,Lunch,Dates,North Indian,Veg,Trimester 3
Saturday,Lunch,Khajoor,North Indian,Veg,Trimester 3
Saturday,Lunch,Jal Jeera,North Indian,Veg,Trimester 3
Saturday,Lunch,Pomegranate,North Indian,Veg,Trimester 3
Saturday,Lunch,Anaar,North Indian,Veg,Trimester 3
Saturday,Lunch,Lassi,North Indian,Veg,Trimester 3
Saturday,Lunch,Almonds,North Indian,Veg,Trimester 3
Saturday,Lunch,Badaam And,North Indian,Veg,Trimester 3
Saturday,Lunch,Walnuts,North Indian,Veg,Trimester 3
Saturday,Lunch,Akhrot,North Indian,Veg,Trimester 3
Saturday,Snack1,RedlentilMasoor Dal,North Indian,Veg,Trimester 3
Saturday,Snack1,Round Gourd Tinda Sabzi,North Indian,Veg,Trimester 3
Saturday,Snack1,Cucumber Kheera Raita,North Indian,Veg,Trimester 3
Saturday,Snack1,Mint Pudina Parantha,North Indian,Veg,Trimester 3
Saturday,Snack1,BesanGatta Curry,North Indian,Veg,Trimester 3
Saturday,Snack1,Bottle Gourd Lauki Sabzi,North Indian,Veg,Trimester 3
Saturday,Snack1,Sorghum Flour Jowar,North Indian,Veg,Trimester 3
Saturday,Snack1,Roti/Rice,North Indian,Veg,Trimester 3
Saturday,Snack1,Onion Pyaaz Parantha,North Indian,Veg,Trimester 3
Saturday,Snack1,Red Lentils Masoor,North Indian,Veg,Trimester 3
Saturday,Snack1,Dal,North Indian,Veg,Trimester 3
Saturday,Snack1,Beansand Coconut,North Indian,Veg,Trimester 3
Saturday,Snack1,Beensnariyal Sabzi,North Indian,Veg,Trimester 3
Saturday,Snack1,Chapati/Rice,North Indian,Veg,Trimester 3
Thursday,Breakfast,Watermelon,North Indian,Veg,Trimester 3
Thursday,Breakfast,Tarbooj,North Indian,Veg,Trimester 3
Thursday,Breakfast,Apple Seb,North Indian,Veg,Trimester 3
Thursday,Breakfast,Grapes,North Indian,Veg,Trimester 3
Thursday,Breakfast,Angoor,North Indian,Veg,Trimester 3
Thursday,Lunch,Jal Jeera,North Indian,Veg,Trimester 3
Thursday,Lunch,Cucumber,North Indian,Veg,Trimester 3
Thursday,Lunch,Kheera And,North Indian,Veg,Trimester 3
Thursday,Lunch,CarrotGajar,North Indian,Veg,Trimester 3
Thursday,Lunch,Sticks,North Indian,Veg,Trimester 3
Thursday,Lunch,Chickpeas,North Indian,Veg,Trimester 3
Thursday,Lunch,Chhole Chaat,North Indian,Veg,Trimester 3
Thursday,Lunch,Sattudrink,North Indian,Veg,Trimester 3
Thursday,Lunch,Mango Aam,North Indian,Veg,Trimester 3
Thursday,Lunch,Panna,North Indian,Veg,Trimester 3
Thursday,Lunch,Puffedrice,North Indian,Veg,Trimester 3
Thursday,Lunch,Murmura,North Indian,Veg,Trimester 3
Thursday,Lunch,With Peanuts,North Indian,Veg,Trimester 3
Thursday,Lunch,Moongphali,North Indian,Veg,Trimester 3
Thursday,Snack1,Kidney Beans Rajma,North Indian,Veg,Trimester 3
Thursday,Snack1,CabbagePatta Gobhi,North Indian,Veg,Trimester 3
Thursday,Snack1,Sabzi,North Indian,Veg,Trimester 3
Thursday,Snack1,Cumin Jeera Rice,North Indian,Veg,Trimester 3
Thursday,Snack1,Raita,North Indian,Veg,Trimester 3
Thursday,Snack1,Egg Curry,North Indian,Non-Veg,Trimester 3
Thursday,Snack1,Cabbagetomato Patta-,North Indian,Veg,Trimester 3
Thursday,Snack1,Gobhitamatar Sabzi,North Indian,Veg,Trimester 3
Thursday,Snack1,Chapati/Rice,North Indian,Veg,Trimester 3
Thursday,Snack1,Rotiwrap With,North Indian,Veg,Trimester 3
Thursday,Snack1,Mushroom Khumb And,North Indian,Veg,Trimester 3
Thursday,Snack1,Cottage Cheese Paneer,North Indian,Veg,Trimester 3
Thursday,Snack1,Mint Pudina Chutney,North Indian,Veg,Trimester 3
Thursday,Snack1,MixedMilijhuli Dal,North Indian,Veg,Trimester 3
Thursday,Snack1,Pumpkin Kaddu Sabzi,North Indian,Veg,Trimester 3
Thursday,Snack1,Beetroot Chukandar,North Indian,Veg,Trimester 3
Thursday,Snack1,Salad,North Indian,Veg,Trimester 3
Tuesday,Breakfast,Custard,North Indian,Veg,Trimester 3
Tuesday,Breakfast,Apple,North Indian,Veg,Trimester 3
Tuesday,Breakfast,Sitaphal,North Indian,Veg,Trimester 3
Tuesday,Breakfast,Watermelon,North Indian,Veg,Trimester 3
Tuesday,Breakfast,Tarbooj,North Indian,Veg,Trimester 3
Tuesday,Breakfast,BananaKela,North Indian,Veg,Trimester 3
Tuesday,Breakfast,Guava,North Indian,Veg,Trimester 3
Tuesday,Breakfast,Amrud,North Indian,Veg,Trimester 3
Tuesday,Lunch,Buttermilk,North Indian,Veg,Trimester 3
Tuesday,Lunch,Chhaach,North Indian,Veg,Trimester 3
Tuesday,Lunch,Revri,North Indian,Veg,Trimester 3
Tuesday,Lunch,MangoAam,North Indian,Veg,Trimester 3
Tuesday,Lunch,Milkshake,North Indian,Veg,Trimester 3
Tuesday,Lunch,CarrotGajar,North Indian,Veg,Trimester 3
Tuesday,Lunch,Sticks,North Indian,Veg,Trimester 3
Tuesday,Lunch,Apple Seb,North Indian,Veg,Trimester 3
Tuesday,Lunch,And Carrot,North Indian,Veg,Trimester 3
Tuesday,Lunch,Gajar Juice,North Indian,Veg,Trimester 3
Tuesday,Lunch,Puffed Rice,North Indian,Veg,Trimester 3
Tuesday,Lunch,Murmura,North Indian,Veg,Trimester 3
Tuesday,Lunch,With Peanuts,North Indian,Veg,Trimester 3
Tuesday,Lunch,Moongphali,North Indian,Veg,Trimester 3
Tuesday,Lunch,Coconut Water,North Indian,Veg,Trimester 3
Tuesday,Lunch,Nariyalpani,North Indian,Veg,Trimester 3
Tuesday,Lunch,Sweet Potato,North Indian,Veg,Trimester 3
Tuesday,Lunch,Shakarkandi,North Indian,Veg,Trimester 3
Tuesday,Lunch,Chaat,North Indian,Veg,Trimester 3
Tuesday,Snack1,Soyaand PeaMatar,North Indian,Veg,Trimester 3
Tuesday,Snack1,Curry,North Indian,Veg,Trimester 3
Tuesday,Snack1,Capsicum Shimlamirch,North Indian,Veg,Trimester 3
Tuesday,Snack1,And Cauliflower Phool,North Indian,Veg,Trimester 3
Tuesday,Snack1,Gobhi Sabzi,North Indian,Veg,Trimester 3
Tuesday,Snack1,Parantha,North Indian,Veg,Trimester 3
Tuesday,Snack1,Black Gram Urad Dal,North Indian,Veg,Trimester 3
Tuesday,Snack1,Fenugreekand Potato,North Indian,Veg,Trimester 3
Tuesday,Snack1,Methialoo Sabzi,North Indian,Veg,Trimester 3
Tuesday,Snack1,Multi Grain Chapati/Rice,North Indian,Veg,Trimester 3
Tuesday,Snack1,Red Lentils Masoor Dal,North Indian,Veg,Trimester 3
Tuesday,Snack1,OkraBhindi Sabzi,North Indian,Veg,Trimester 3
Tuesday,Snack1,Pineapple Ananaas,North Indian,Veg,Trimester 3
Tuesday,Snack1,Raita,North Indian,Veg,Trimester 3
Tuesday,Snack1,Chapati/Rice,North Indian,Veg,Trimester 3
Tuesday,Snack1,Peasand Cottage,North Indian,Veg,Trimester 3
Tuesday,Snack1,Cheese Matar Paneer,North Indian,Veg,Trimester 3
Tuesday,Snack1,Bitter Gourd Karela,North Indian,Veg,Trimester 3
Tuesday,Snack1,Sabzi,North Indian,Veg,Trimester 3
Wednesday,Breakfast,Mango,North Indian,Veg,Trimester 3
Wednesday,Breakfast,Aam,North Indian,Veg,Trimester 3
Wednesday,Breakfast,Pear,North Indian,Veg,Trimester 3
Wednesday,Breakfast,Nashpati,North Indian,Veg,Trimester 3
Wednesday,Breakfast,Pear Nashpati,North Indian,Veg,Trimester 3
Wednesday,Breakfast,Orange,North Indian,Veg,Trimester 3
Wednesday,Breakfast,Santara,North Indian,Veg,Trimester 3
Wednesday,Lunch,Coconut Water,North Indian,Veg,Trimester 3
Wednesday,Lunch,Nariyalpani,North Indian,Veg,Trimester 3
Wednesday,Lunch,Sweet Potato,North Indian,Veg,Trimester 3
Wednesday,Lunch,Shakarkandi,North Indian,Veg,Trimester 3
Wednesday,Lunch,Chaat,North Indian,Veg,Trimester 3
Wednesday,Lunch,Sweetlime,North Indian,Veg,Trimester 3
Wednesday,Lunch,Mausambi,North Indian,Veg,Trimester 3
Wednesday,Lunch,Juice,North Indian,Veg,Trimester 3
Wednesday,Lunch,CornMakka,North Indian,Veg,Trimester 3
Wednesday,Lunch,Lemonade,North Indian,Veg,Trimester 3
Wednesday,Lunch,Nimbupani,North Indian,Veg,Trimester 3
Wednesday,Lunch,Dhokla,North Indian,Veg,Trimester 3
Wednesday,Lunch,Grape,North Indian,Veg,Trimester 3
Wednesday,Lunch,Angoor Juice,North Indian,Veg,Trimester 3
Wednesday,Lunch,Handful Of Nuts,North Indian,Veg,Trimester 3
Wednesday,Lunch,And Raisins,North Indian,Veg,Trimester 3
Wednesday,Lunch,Kishmish,North Indian,Veg,Trimester 3
Wednesday,Snack1,Cottage Cheese Paneer,North Indian,Veg,Trimester 3
Wednesday,Snack1,Curry,North Indian,Veg,Trimester 3
Wednesday,Snack1,OkraBhindi Sabzi,North Indian,Veg,Trimester 3
Wednesday,Snack1,Chapati/Rice,North Indian,Veg,Trimester 3
Wednesday,Snack1,Soyaand Vegetable Curry,North Indian,Veg,Trimester 3
Wednesday,Snack1,Radish And Springonion,North Indian,Veg,Trimester 3
Wednesday,Snack1,Mooliharipyaaz Salad,North Indian,Veg,Trimester 3
Wednesday,Snack1,Curd Dahi,North Indian,Veg,Trimester 3
Wednesday,Snack1,Finger Millet Ragi Roti,North Indian,Veg,Trimester 3
Wednesday,Snack1,Mungbean Moong Dal,North Indian,Veg,Trimester 3
Wednesday,Snack1,Green Banana,North Indian,Veg,Trimester 3
Wednesday,Snack1,Kachchakela Sabzi,North Indian,Veg,Trimester 3
Wednesday,Snack1,Rice,North Indian,Veg,Trimester 3
Wednesday,Snack1,Vegetable Kadhi,North Indian,Veg,Trimester 3
Wednesday,Snack1,Roasted Papad,North Indian,Veg,Trimester 3
