Day,Meal Type,Food,Regional Type,Food Type,Trimester
Friday,Breakfast,Guava,South Indian,Veg,Trimester 1
Friday,Breakfast,Orange,South Indian,Veg,Trimester 1
Friday,Breakfast,Pomegranate,South Indian,Veg,Trimester 1
Friday,Breakfast,Papaya,South Indian,Veg,Trimester 1
Friday,Lunch,Mango milkshake,South Indian,Veg,Trimester 1
Friday,Lunch,Split green,South Indian,Veg,Trimester 1
Friday,Lunch,gram kheer,South Indian,Veg,Trimester 1
Friday,Lunch,Sweet lime,South Indian,Veg,Trimester 1
Friday,Lunch,juice,South Indian,Veg,Trimester 1
Friday,Lunch,"Dates, apricots",South Indian,Veg,Trimester 1
Friday,Lunch,and raisins,South Indian,Veg,Trimester 1
Friday,Lunch,Buttermilk,South Indian,Veg,Trimester 1
Friday,Lunch,(moru/majjige),South Indian,Veg,Trimester 1
Friday,Lunch,Walnutsand,South Indian,Veg,Trimester 1
Friday,Lunch,dates,South Indian,Veg,Trimester 1
Friday,Snack1,Fishcurry,South Indian,Non-Veg,Trimester 1
Friday,Snack1,Carrot palya/poriyal,South Indian,Veg,Trimester 1
Friday,Snack1,Rice,South Indian,Veg,Trimester 1
Friday,Snack1,Lemon rice,South Indian,Veg,Trimester 1
Friday,Snack1,Eggcurry,South Indian,Non-Veg,Trimester 1
Friday,Snack1,Cucumber,South Indian,Veg,Trimester 1
Friday,Snack1,kosambari/kosumal,South Indian,Veg,Trimester 1
Friday,Snack1,li,South Indian,Veg,Trimester 1
Friday,Snack1,Red lentils and tomato,South Indian,Veg,Trimester 1
Friday,Snack1,dal,South Indian,Veg,Trimester 1
Friday,Snack1,Ivy gourd palya/poriyal,South Indian,Veg,Trimester 1
Friday,Snack1,Mixed vegetables in,South Indian,Veg,Trimester 1
Friday,Snack1,coconut milk and,South Indian,Veg,Trimester 1
Friday,Snack1,yoghurt gravy (avial),South Indian,Veg,Trimester 1
Friday,Snack1,Colocasiamasaladry,South Indian,Veg,Trimester 1
Monday,Breakfast,Walnuts,South Indian,Veg,Trimester 1
Monday,Breakfast,and raisins,South Indian,Veg,Trimester 1
Monday,Breakfast,Apple,South Indian,Veg,Trimester 1
Monday,Breakfast,Banana,South Indian,Veg,Trimester 1
Monday,Breakfast,Sprouts,South Indian,Veg,Trimester 1
Monday,Breakfast,salad,South Indian,Veg,Trimester 1
Monday,Lunch,Tender coconut,South Indian,Veg,Trimester 1
Monday,Lunch,water,South Indian,Veg,Trimester 1
Monday,Lunch,Roasted corn,South Indian,Veg,Trimester 1
Monday,Lunch,(bhutta),South Indian,Veg,Trimester 1
Monday,Lunch,Tender,South Indian,Veg,Trimester 1
Monday,Lunch,coconut water,South Indian,Veg,Trimester 1
Monday,Lunch,Chickpeas,South Indian,Veg,Trimester 1
Monday,Lunch,sundal,South Indian,Veg,Trimester 1
Monday,Lunch,Almond milk,South Indian,Veg,Trimester 1
Monday,Lunch,with onion and,South Indian,Veg,Trimester 1
Monday,Lunch,tomato,South Indian,Veg,Trimester 1
Monday,Lunch,Lemonade,South Indian,Veg,Trimester 1
Monday,Lunch,Vegetable,South Indian,Veg,Trimester 1
Monday,Lunch,cutlet,South Indian,Veg,Trimester 1
Monday,Snack1,Colocasiasambhar,South Indian,Veg,Trimester 1
Monday,Snack1,Ivy gourd palya/poriyal,South Indian,Veg,Trimester 1
Monday,Snack1,Pineapple raita,South Indian,Veg,Trimester 1
Monday,Snack1,Chapati/rice,South Indian,Veg,Trimester 1
Monday,Snack1,Carom seeds gravy,South Indian,Veg,Trimester 1
Monday,Snack1,Chicken 65,South Indian,Non-Veg,Trimester 1
Monday,Snack1,Buttermilk,South Indian,Veg,Trimester 1
Monday,Snack1,(moru/majjige),South Indian,Veg,Trimester 1
Monday,Snack1,Rice,South Indian,Veg,Trimester 1
Monday,Snack1,Turnip and shallots,South Indian,Veg,Trimester 1
Monday,Snack1,sambhar,South Indian,Veg,Trimester 1
Monday,Snack1,Capsicum and onion,South Indian,Veg,Trimester 1
Monday,Snack1,palya/poriyal,South Indian,Veg,Trimester 1
Monday,Snack1,Pepper lamb curry,South Indian,Veg,Trimester 1
Monday,Snack1,Cumin rice,South Indian,Veg,Trimester 1
Monday,Snack1,Cucumberand onion,South Indian,Veg,Trimester 1
Monday,Snack1,raita,South Indian,Veg,Trimester 1
Saturday,Breakfast,Muskmelon,South Indian,Veg,Trimester 1
Saturday,Breakfast,Walnutsand,South Indian,Veg,Trimester 1
Saturday,Breakfast,dates,South Indian,Veg,Trimester 1
Saturday,Breakfast,Apple,South Indian,Veg,Trimester 1
Saturday,Breakfast,Guava,South Indian,Veg,Trimester 1
Saturday,Dinner,plan |First trimester: Plan 1,South Indian,Veg,Trimester 1
Saturday,Dinner,e've highlighted in light,South Indian,Veg,Trimester 1
Saturday,Dinner,ody make red blood cells for,South Indian,Veg,Trimester 1
Saturday,Dinner,hted in brownfoods that are,South Indian,Veg,Trimester 1
Saturday,Dinner,to your baby. We have,South Indian,Veg,Trimester 1
Saturday,Dinner,rning.,South Indian,Veg,Trimester 1
Saturday,Dinner,Dinner,South Indian,Veg,Trimester 1
Saturday,Dinner,t • Minced meat curry,South Indian,Non-Veg,Trimester 1
Saturday,Dinner,Tomato and,South Indian,Veg,Trimester 1
Saturday,Dinner,cucumberraita,South Indian,Veg,Trimester 1
Saturday,Dinner,Chapati,South Indian,Veg,Trimester 1
Saturday,Dinner,Muttonleg soup,South Indian,Non-Veg,Trimester 1
Saturday,Dinner,Tomato eggcurry,South Indian,Non-Veg,Trimester 1
Saturday,Dinner,Drumstick and shallot,South Indian,Veg,Trimester 1
Saturday,Dinner,) sambhar,South Indian,Veg,Trimester 1
Saturday,Dinner,h,South Indian,Veg,Trimester 1
Saturday,Dinner,Dosa,South Indian,Veg,Trimester 1
Saturday,Dinner,i • Bottle gourd and,South Indian,Veg,Trimester 1
Saturday,Dinner,pigeon peas dal,South Indian,Veg,Trimester 1
Saturday,Dinner,e Semolina(rava) upma,South Indian,Veg,Trimester 1
Saturday,Dinner,"with potato, beansand",South Indian,Veg,Trimester 1
Saturday,Dinner,roasted peanuts,South Indian,Veg,Trimester 1
Saturday,Dinner,Chettinadcrabsoup,South Indian,Veg,Trimester 1
Saturday,Dinner,(nandurasam),South Indian,Veg,Trimester 1
Saturday,Dinner,Curd,South Indian,Veg,Trimester 1
Saturday,Dinner,Rice,South Indian,Veg,Trimester 1
Saturday,Dinner,Radish sambhar,South Indian,Veg,Trimester 1
Saturday,Dinner,Cabbage and peas,South Indian,Veg,Trimester 1
Saturday,Dinner,palya/poriyal,South Indian,Veg,Trimester 1
Saturday,Dinner,www.babycenter.in,South Indian,Veg,Trimester 1
Saturday,Lunch,Almond milk,South Indian,Veg,Trimester 1
Saturday,Lunch,Apple juice,South Indian,Veg,Trimester 1
Saturday,Lunch,Vegetable,South Indian,Veg,Trimester 1
Saturday,Lunch,cutlet,South Indian,Veg,Trimester 1
Saturday,Lunch,Buttermilk,South Indian,Veg,Trimester 1
Saturday,Lunch,(moru/majjige),South Indian,Veg,Trimester 1
Saturday,Lunch,Oatbiscuits,South Indian,Veg,Trimester 1
Saturday,Lunch,Tender,South Indian,Veg,Trimester 1
Saturday,Lunch,coconut water,South Indian,Veg,Trimester 1
Saturday,Lunch,Sprouts,South Indian,Veg,Trimester 1
Saturday,Lunch,sundal,South Indian,Veg,Trimester 1
Saturday,Snack1,Black chickpeas curry,South Indian,Veg,Trimester 1
Saturday,Snack1,Beanspalya/poriyal,South Indian,Veg,Trimester 1
Saturday,Snack1,Chapati/rice,South Indian,Veg,Trimester 1
Saturday,Snack1,Pigeon peas dalwith,South Indian,Veg,Trimester 1
Saturday,Snack1,spinach,South Indian,Veg,Trimester 1
Saturday,Snack1,Colocasiamasala,South Indian,Veg,Trimester 1
Saturday,Snack1,dry,South Indian,Veg,Trimester 1
Saturday,Snack1,Finger millet (ragi),South Indian,Veg,Trimester 1
Saturday,Snack1,chapati,South Indian,Veg,Trimester 1
Saturday,Snack1,Ginger chickencurry,South Indian,Non-Veg,Trimester 1
Saturday,Snack1,Pepper rasam,South Indian,Veg,Trimester 1
Saturday,Snack1,Buttermilk,South Indian,Veg,Trimester 1
Saturday,Snack1,(moru/majjige),South Indian,Veg,Trimester 1
Saturday,Snack1,Rice,South Indian,Veg,Trimester 1
Saturday,Snack1,Minced meat curry,South Indian,Non-Veg,Trimester 1
Saturday,Snack1,Ladies' finger,South Indian,Veg,Trimester 1
Saturday,Snack1,palya/poriyal,South Indian,Veg,Trimester 1
Saturday,Snack1,Curd,South Indian,Veg,Trimester 1
Thursday,Breakfast,Papaya,South Indian,Veg,Trimester 1
Thursday,Breakfast,Pomegranate,South Indian,Veg,Trimester 1
Thursday,Breakfast,Handful of,South Indian,Veg,Trimester 1
Thursday,Breakfast,walnutsand,South Indian,Veg,Trimester 1
Thursday,Breakfast,raisins,South Indian,Veg,Trimester 1
Thursday,Breakfast,Custard,South Indian,Veg,Trimester 1
Thursday,Breakfast,apple,South Indian,Veg,Trimester 1
Thursday,Lunch,Pineapple lassi,South Indian,Veg,Trimester 1
Thursday,Lunch,Chickpeas,South Indian,Veg,Trimester 1
Thursday,Lunch,sundal,South Indian,Veg,Trimester 1
Thursday,Lunch,Banana,South Indian,Veg,Trimester 1
Thursday,Lunch,milkshake,South Indian,Veg,Trimester 1
Thursday,Lunch,Buttermilk,South Indian,Veg,Trimester 1
Thursday,Lunch,(moru/majjige),South Indian,Veg,Trimester 1
Thursday,Lunch,Vegetable,South Indian,Veg,Trimester 1
Thursday,Lunch,samosa,South Indian,Veg,Trimester 1
Thursday,Lunch,Ginger tea,South Indian,Veg,Trimester 1
Thursday,Lunch,Broccolibajji,South Indian,Veg,Trimester 1
Thursday,Snack1,Garlic chilli chicken,South Indian,Non-Veg,Trimester 1
Thursday,Snack1,curry,South Indian,Veg,Trimester 1
Thursday,Snack1,Snake gourd,South Indian,Veg,Trimester 1
Thursday,Snack1,palya/poriyal,South Indian,Veg,Trimester 1
Thursday,Snack1,Pepper rasam,South Indian,Veg,Trimester 1
Thursday,Snack1,Rice,South Indian,Veg,Trimester 1
Thursday,Snack1,Muttoncurry,South Indian,Non-Veg,Trimester 1
Thursday,Snack1,Bottle gourd,South Indian,Veg,Trimester 1
Thursday,Snack1,Curd,South Indian,Veg,Trimester 1
Thursday,Snack1,Minced meat pulao,South Indian,Non-Veg,Trimester 1
Thursday,Snack1,Potatomasaladry,South Indian,Veg,Trimester 1
Thursday,Snack1,Garlic rasam,South Indian,Veg,Trimester 1
Thursday,Snack1,Beetrootonion salad,South Indian,Veg,Trimester 1
Thursday,Snack1,Chickenbiryani,South Indian,Non-Veg,Trimester 1
Thursday,Snack1,Brinjalcurry,South Indian,Veg,Trimester 1
Thursday,Snack1,Onion and beetroot,South Indian,Veg,Trimester 1
Thursday,Snack1,salad,South Indian,Veg,Trimester 1
Tuesday,Breakfast,Banana,South Indian,Veg,Trimester 1
Tuesday,Breakfast,Pear,South Indian,Veg,Trimester 1
Tuesday,Breakfast,Mango,South Indian,Veg,Trimester 1
Tuesday,Lunch,Grape juice,South Indian,Veg,Trimester 1
Tuesday,Lunch,Black gram,South Indian,Veg,Trimester 1
Tuesday,Lunch,vada,South Indian,Veg,Trimester 1
Tuesday,Lunch,Lemonade,South Indian,Veg,Trimester 1
Tuesday,Lunch,Puffed rice,South Indian,Veg,Trimester 1
Tuesday,Lunch,"with peanuts,",South Indian,Veg,Trimester 1
Tuesday,Lunch,chopped,South Indian,Veg,Trimester 1
Tuesday,Lunch,onion and,South Indian,Veg,Trimester 1
Tuesday,Lunch,carrots,South Indian,Veg,Trimester 1
Tuesday,Lunch,Pomegranate,South Indian,Veg,Trimester 1
Tuesday,Lunch,juice,South Indian,Veg,Trimester 1
Tuesday,Lunch,Puffed rice with,South Indian,Veg,Trimester 1
Tuesday,Lunch,peanuts,South Indian,Veg,Trimester 1
Tuesday,Lunch,Almond milk,South Indian,Veg,Trimester 1
Tuesday,Lunch,"Peanuts,",South Indian,Veg,Trimester 1
Tuesday,Lunch,tomato salad,South Indian,Veg,Trimester 1
Tuesday,Snack1,Spinachand red,South Indian,Veg,Trimester 1
Tuesday,Snack1,lentils dal,South Indian,Veg,Trimester 1
Tuesday,Snack1,Beetroot,South Indian,Veg,Trimester 1
Tuesday,Snack1,kosambari/kosumalli,South Indian,Veg,Trimester 1
Tuesday,Snack1,Garlic rasam,South Indian,Veg,Trimester 1
Tuesday,Snack1,Curd,South Indian,Veg,Trimester 1
Tuesday,Snack1,Rice,South Indian,Veg,Trimester 1
Tuesday,Snack1,Fishcurry,South Indian,Non-Veg,Trimester 1
Tuesday,Snack1,Sweet potato,South Indian,Veg,Trimester 1
Tuesday,Snack1,palya/poriyal,South Indian,Veg,Trimester 1
Tuesday,Snack1,Muttonbiryani,South Indian,Non-Veg,Trimester 1
Tuesday,Snack1,Brinjal curry,South Indian,Veg,Trimester 1
Tuesday,Snack1,Onion raita,South Indian,Veg,Trimester 1
Tuesday,Snack1,Chickenand coriander,South Indian,Non-Veg,Trimester 1
Tuesday,Snack1,leaves soup,South Indian,Veg,Trimester 1
Tuesday,Snack1,Soyachunks (meal,South Indian,Veg,Trimester 1
Tuesday,Snack1,maker) and capsicum,South Indian,Veg,Trimester 1
Tuesday,Snack1,curry,South Indian,Veg,Trimester 1
Tuesday,Snack1,Chapati,South Indian,Veg,Trimester 1
Wednesday,Breakfast,Sapota,South Indian,Veg,Trimester 1
Wednesday,Breakfast,"Banana,",South Indian,Veg,Trimester 1
Wednesday,Breakfast,mango and,South Indian,Veg,Trimester 1
Wednesday,Breakfast,jackfruit salad,South Indian,Veg,Trimester 1
Wednesday,Breakfast,Watermelon,South Indian,Veg,Trimester 1
Wednesday,Breakfast,Apple,South Indian,Veg,Trimester 1
Wednesday,Lunch,Buttermilk,South Indian,Veg,Trimester 1
Wednesday,Lunch,(moru/majjige),South Indian,Veg,Trimester 1
Wednesday,Lunch,Puffed rice with,South Indian,Veg,Trimester 1
Wednesday,Lunch,peanuts,South Indian,Veg,Trimester 1
Wednesday,Lunch,Black gram,South Indian,Veg,Trimester 1
Wednesday,Lunch,vada,South Indian,Veg,Trimester 1
Wednesday,Lunch,Milk,South Indian,Veg,Trimester 1
Wednesday,Lunch,Roasted nuts,South Indian,Veg,Trimester 1
Wednesday,Lunch,Tender,South Indian,Veg,Trimester 1
Wednesday,Lunch,coconut water,South Indian,Veg,Trimester 1
Wednesday,Lunch,Tomato,South Indian,Veg,Trimester 1
Wednesday,Lunch,cheese,South Indian,Veg,Trimester 1
Wednesday,Lunch,sandwich with,South Indian,Veg,Trimester 1
Wednesday,Lunch,mintchutney,South Indian,Veg,Trimester 1
Wednesday,Snack1,Muttonbiryani,South Indian,Non-Veg,Trimester 1
Wednesday,Snack1,Crispy brinjal,South Indian,Veg,Trimester 1
Wednesday,Snack1,Onion raita,South Indian,Veg,Trimester 1
Wednesday,Snack1,Red lentils and,South Indian,Veg,Trimester 1
Wednesday,Snack1,fenugreek greens,South Indian,Veg,Trimester 1
Wednesday,Snack1,dal,South Indian,Veg,Trimester 1
Wednesday,Snack1,Tomato raita,South Indian,Veg,Trimester 1
Wednesday,Snack1,Chapati/rice,South Indian,Veg,Trimester 1
Wednesday,Snack1,Chettinadchicken,South Indian,Non-Veg,Trimester 1
Wednesday,Snack1,masala,South Indian,Veg,Trimester 1
Wednesday,Snack1,Carrot andcucumber,South Indian,Veg,Trimester 1
Wednesday,Snack1,salad,South Indian,Veg,Trimester 1
Wednesday,Snack1,Fried rice/chapati,South Indian,Veg,Trimester 1
Wednesday,Snack1,spinachdal,South Indian,Veg,Trimester 1
Wednesday,Snack1,Chicken65,South Indian,Non-Veg,Trimester 1
Wednesday,Snack1,Rice,South Indian,Veg,Trimester 1
Friday,Breakfast,Custard,South Indian,Veg,Trimester 2
Friday,Breakfast,apple,South Indian,Veg,Trimester 2
Friday,Breakfast,Figs,South Indian,Veg,Trimester 2
Friday,Breakfast,Handful of,South Indian,Veg,Trimester 2
Friday,Breakfast,nuts,South Indian,Veg,Trimester 2
Friday,Lunch,Lassi,South Indian,Veg,Trimester 2
Friday,Lunch,Baked,South Indian,Veg,Trimester 2
Friday,Lunch,vegetable,South Indian,Veg,Trimester 2
Friday,Lunch,samosa,South Indian,Veg,Trimester 2
Friday,Lunch,Sapota,South Indian,Veg,Trimester 2
Friday,Lunch,milkshake,South Indian,Veg,Trimester 2
Friday,Lunch,Roasted corn,South Indian,Veg,Trimester 2
Friday,Lunch,(bhutta),South Indian,Veg,Trimester 2
Friday,Lunch,Tender,South Indian,Veg,Trimester 2
Friday,Lunch,coconut water,South Indian,Veg,Trimester 2
Friday,Lunch,Almonds and,South Indian,Veg,Trimester 2
Friday,Lunch,dates,South Indian,Veg,Trimester 2
Friday,Lunch,Sweet lime,South Indian,Veg,Trimester 2
Friday,Lunch,juice,South Indian,Veg,Trimester 2
Friday,Lunch,Puffed rice with,South Indian,Veg,Trimester 2
Friday,Lunch,peanuts,South Indian,Veg,Trimester 2
Friday,Snack1,Muttonpulao,South Indian,Non-Veg,Trimester 2
Friday,Snack1,Onion raita,South Indian,Veg,Trimester 2
Friday,Snack1,Mixed sproutscurry,South Indian,Veg,Trimester 2
Friday,Snack1,Bottle gourd,South Indian,Veg,Trimester 2
Friday,Snack1,palya/poriyal,South Indian,Veg,Trimester 2
Friday,Snack1,Rasam,South Indian,Veg,Trimester 2
Friday,Snack1,Curd,South Indian,Veg,Trimester 2
Friday,Snack1,Rice,South Indian,Veg,Trimester 2
Friday,Snack1,Ladies' finger,South Indian,Veg,Trimester 2
Friday,Snack1,buttermilk curry,South Indian,Veg,Trimester 2
Friday,Snack1,Banana stem,South Indian,Veg,Trimester 2
Friday,Snack1,Chettinad chicken,South Indian,Non-Veg,Trimester 2
Friday,Snack1,masala,South Indian,Veg,Trimester 2
Friday,Snack1,Garlic rasam,South Indian,Veg,Trimester 2
Friday,Snack1,Gheerice,South Indian,Veg,Trimester 2
Monday,Breakfast,Sapota,South Indian,Veg,Trimester 2
Monday,Breakfast,Apple and,South Indian,Veg,Trimester 2
Monday,Breakfast,walnutsalad,South Indian,Veg,Trimester 2
Monday,Breakfast,Orange,South Indian,Veg,Trimester 2
Monday,Breakfast,Mango,South Indian,Veg,Trimester 2
Monday,Lunch,Tender,South Indian,Veg,Trimester 2
Monday,Lunch,coconut,South Indian,Veg,Trimester 2
Monday,Lunch,water,South Indian,Veg,Trimester 2
Monday,Lunch,Roasted,South Indian,Veg,Trimester 2
Monday,Lunch,walnuts,South Indian,Veg,Trimester 2
Monday,Lunch,Buttermilk,South Indian,Veg,Trimester 2
Monday,Lunch,(moru/majjig,South Indian,Veg,Trimester 2
Monday,Lunch,e),South Indian,Veg,Trimester 2
Monday,Lunch,Chickpeas,South Indian,Veg,Trimester 2
Monday,Lunch,sundal,South Indian,Veg,Trimester 2
Monday,Lunch,Mango,South Indian,Veg,Trimester 2
Monday,Lunch,milkshake,South Indian,Veg,Trimester 2
Monday,Lunch,Orange juice,South Indian,Veg,Trimester 2
Monday,Lunch,Mixed sprouts,South Indian,Veg,Trimester 2
Monday,Snack1,Chickenbiryani,South Indian,Non-Veg,Trimester 2
Monday,Snack1,Brinjalgravy,South Indian,Veg,Trimester 2
Monday,Snack1,Onion and tomato salad,South Indian,Veg,Trimester 2
Monday,Snack1,Tomato fishcurry,South Indian,Non-Veg,Trimester 2
Monday,Snack1,Beetroot palya/poriyal,South Indian,Veg,Trimester 2
Monday,Snack1,Rice,South Indian,Veg,Trimester 2
Monday,Snack1,Pumpkinsambhar,South Indian,Veg,Trimester 2
Monday,Snack1,Prawnfry,South Indian,Non-Veg,Trimester 2
Monday,Snack1,Pepper rasam,South Indian,Veg,Trimester 2
Monday,Snack1,Chickenbuttermilk curry,South Indian,Non-Veg,Trimester 2
Monday,Snack1,Green or raw banana,South Indian,Veg,Trimester 2
Monday,Snack1,palya/poriyal,South Indian,Veg,Trimester 2
Saturday,Breakfast,Orange,South Indian,Veg,Trimester 2
Saturday,Breakfast,Papaya,South Indian,Veg,Trimester 2
Saturday,Breakfast,Custard,South Indian,Veg,Trimester 2
Saturday,Breakfast,apple,South Indian,Veg,Trimester 2
Saturday,Breakfast,Sapota,South Indian,Veg,Trimester 2
Saturday,Dinner,an|Second trimester: Plan 1,South Indian,Veg,Trimester 2
Saturday,Dinner,nfoods that are rich in,South Indian,Veg,Trimester 2
Saturday,Dinner,in bluefoods that are rich in,South Indian,Veg,Trimester 2
Saturday,Dinner,e rich in betacarotene. You'll,South Indian,Veg,Trimester 2
Saturday,Dinner,ighlighted in green foods,South Indian,Veg,Trimester 2
Saturday,Dinner,e foods containing caffeine.,South Indian,Veg,Trimester 2
Saturday,Dinner,rb iron.,South Indian,Veg,Trimester 2
Saturday,Dinner,Dinner,South Indian,Veg,Trimester 2
Saturday,Dinner,Bottle gourd and yellow,South Indian,Veg,Trimester 2
Saturday,Dinner,lentils(moong) dal,South Indian,Veg,Trimester 2
Saturday,Dinner,Baby potatoes masala,South Indian,Veg,Trimester 2
Saturday,Dinner,Chapati,South Indian,Veg,Trimester 2
Saturday,Dinner,Muttonwith fenugreek,South Indian,Non-Veg,Trimester 2
Saturday,Dinner,greens,South Indian,Veg,Trimester 2
Saturday,Dinner,Curdrice,South Indian,Veg,Trimester 2
Saturday,Dinner,Roasted papad,South Indian,Veg,Trimester 2
Saturday,Dinner,Kidney beans curry,South Indian,Veg,Trimester 2
Saturday,Dinner,Cucumber,South Indian,Veg,Trimester 2
Saturday,Dinner,kosambari/kosumalli,South Indian,Veg,Trimester 2
Saturday,Dinner,Rice,South Indian,Veg,Trimester 2
Saturday,Dinner,Drumsticksambhar,South Indian,Veg,Trimester 2
Saturday,Dinner,Dosa,South Indian,Veg,Trimester 2
Saturday,Dinner,Semolina (rava) upma,South Indian,Veg,Trimester 2
Saturday,Dinner,with carrotsbeansand,South Indian,Veg,Trimester 2
Saturday,Dinner,roasted peanuts,South Indian,Veg,Trimester 2
Saturday,Dinner,Curd,South Indian,Veg,Trimester 2
Saturday,Dinner,Potato and broccoli,South Indian,Veg,Trimester 2
Saturday,Dinner,curry,South Indian,Veg,Trimester 2
Saturday,Dinner,Cucumber tomato and,South Indian,Veg,Trimester 2
Saturday,Dinner,onion salad,South Indian,Veg,Trimester 2
Saturday,Dinner,Vegetable pulao,South Indian,Veg,Trimester 2
Saturday,Dinner,Roasted capsicum raita,South Indian,Veg,Trimester 2
Saturday,Dinner,www.babycenter.in,South Indian,Veg,Trimester 2
Saturday,Lunch,Sweet lime,South Indian,Veg,Trimester 2
Saturday,Lunch,juice,South Indian,Veg,Trimester 2
Saturday,Lunch,Black,South Indian,Veg,Trimester 2
Saturday,Lunch,chickpeas,South Indian,Veg,Trimester 2
Saturday,Lunch,sundal,South Indian,Veg,Trimester 2
Saturday,Lunch,Ginger soda,South Indian,Veg,Trimester 2
Saturday,Lunch,Beetroot,South Indian,Veg,Trimester 2
Saturday,Lunch,kosambari/k,South Indian,Veg,Trimester 2
Saturday,Lunch,osumalli,South Indian,Veg,Trimester 2
Saturday,Lunch,Sweet potato,South Indian,Veg,Trimester 2
Saturday,Lunch,halwa,South Indian,Veg,Trimester 2
Saturday,Lunch,Tender,South Indian,Veg,Trimester 2
Saturday,Lunch,coconut water,South Indian,Veg,Trimester 2
Saturday,Lunch,Banana,South Indian,Veg,Trimester 2
Saturday,Snack1,Carom seed gravy,South Indian,Veg,Trimester 2
Saturday,Snack1,Chicken 65,South Indian,Non-Veg,Trimester 2
Saturday,Snack1,Rice,South Indian,Veg,Trimester 2
Saturday,Snack1,Buttermilk (moru/majjige),South Indian,Veg,Trimester 2
Saturday,Snack1,Cottage cheese,South Indian,Veg,Trimester 2
Saturday,Snack1,(paneer) and capsicum,South Indian,Veg,Trimester 2
Saturday,Snack1,curry,South Indian,Veg,Trimester 2
Saturday,Snack1,Vegetable fried rice,South Indian,Veg,Trimester 2
Saturday,Snack1,Cucumber and onion,South Indian,Veg,Trimester 2
Saturday,Snack1,salad,South Indian,Veg,Trimester 2
Saturday,Snack1,Fenugreek leaves and,South Indian,Veg,Trimester 2
Saturday,Snack1,minced lamb kofta,South Indian,Veg,Trimester 2
Saturday,Snack1,Mint coriander chutney,South Indian,Veg,Trimester 2
Saturday,Snack1,Curd,South Indian,Veg,Trimester 2
Saturday,Snack1,Ladies' finger and tomato,South Indian,Veg,Trimester 2
Saturday,Snack1,Bitter gourdmasala,South Indian,Veg,Trimester 2
Saturday,Snack1,Rasam,South Indian,Veg,Trimester 2
Thursday,Breakfast,Banana,South Indian,Veg,Trimester 2
Thursday,Breakfast,Fruit salad,South Indian,Veg,Trimester 2
Thursday,Breakfast,Handful of,South Indian,Veg,Trimester 2
Thursday,Breakfast,walnutsand,South Indian,Veg,Trimester 2
Thursday,Breakfast,dried apricot,South Indian,Veg,Trimester 2
Thursday,Lunch,Lemonade,South Indian,Veg,Trimester 2
Thursday,Lunch,Sesameand,South Indian,Veg,Trimester 2
Thursday,Lunch,sweet,South Indian,Veg,Trimester 2
Thursday,Lunch,potato,South Indian,Veg,Trimester 2
Thursday,Lunch,cutlets,South Indian,Veg,Trimester 2
Thursday,Lunch,Sweet lime,South Indian,Veg,Trimester 2
Thursday,Lunch,juice,South Indian,Veg,Trimester 2
Thursday,Lunch,Peanuts,South Indian,Veg,Trimester 2
Thursday,Lunch,sundal,South Indian,Veg,Trimester 2
Thursday,Lunch,Spiced,South Indian,Veg,Trimester 2
Thursday,Lunch,buttermilk,South Indian,Veg,Trimester 2
Thursday,Lunch,(moru/majjige),South Indian,Veg,Trimester 2
Thursday,Lunch,Sprouts,South Indian,Veg,Trimester 2
Thursday,Lunch,Black,South Indian,Veg,Trimester 2
Thursday,Lunch,chickpeas,South Indian,Veg,Trimester 2
Thursday,Snack1,Mixed vegetables in coconut,South Indian,Veg,Trimester 2
Thursday,Snack1,milk and yoghurt gravy,South Indian,Veg,Trimester 2
Thursday,Snack1,(avial),South Indian,Veg,Trimester 2
Thursday,Snack1,Sweet potato masaladry,South Indian,Veg,Trimester 2
Thursday,Snack1,Rice,South Indian,Veg,Trimester 2
Thursday,Snack1,Sautéed minced meat,South Indian,Non-Veg,Trimester 2
Thursday,Snack1,curry,South Indian,Veg,Trimester 2
Thursday,Snack1,Stuffed brinjal,South Indian,Veg,Trimester 2
Thursday,Snack1,Carrotand tomato,South Indian,Veg,Trimester 2
Thursday,Snack1,salad,South Indian,Veg,Trimester 2
Thursday,Snack1,Chapati,South Indian,Veg,Trimester 2
Thursday,Snack1,Lemon rice,South Indian,Veg,Trimester 2
Thursday,Snack1,Eggmasala,South Indian,Non-Veg,Trimester 2
Thursday,Snack1,Pomegranate raita,South Indian,Veg,Trimester 2
Thursday,Snack1,Roasted papad,South Indian,Veg,Trimester 2
Thursday,Snack1,Cottage cheese,South Indian,Veg,Trimester 2
Thursday,Snack1,(paneer) masala,South Indian,Veg,Trimester 2
Thursday,Snack1,Beansand carrot,South Indian,Veg,Trimester 2
Thursday,Snack1,palya/poriyal,South Indian,Veg,Trimester 2
Tuesday,Breakfast,Figs,South Indian,Veg,Trimester 2
Tuesday,Breakfast,Custard apple,South Indian,Veg,Trimester 2
Tuesday,Breakfast,Apple,South Indian,Veg,Trimester 2
Tuesday,Breakfast,Banana,South Indian,Veg,Trimester 2
Tuesday,Lunch,Mangojuice,South Indian,Veg,Trimester 2
Tuesday,Lunch,Sweet corn,South Indian,Veg,Trimester 2
Tuesday,Lunch,sundal,South Indian,Veg,Trimester 2
Tuesday,Lunch,Tender,South Indian,Veg,Trimester 2
Tuesday,Lunch,coconut water,South Indian,Veg,Trimester 2
Tuesday,Lunch,Murukku,South Indian,Veg,Trimester 2
Tuesday,Lunch,Banana,South Indian,Veg,Trimester 2
Tuesday,Lunch,milkshake,South Indian,Veg,Trimester 2
Tuesday,Lunch,Ginger tea,South Indian,Veg,Trimester 2
Tuesday,Lunch,Steamed,South Indian,Veg,Trimester 2
Tuesday,Lunch,masalacorn,South Indian,Veg,Trimester 2
Tuesday,Snack1,Red lentils and spinach,South Indian,Veg,Trimester 2
Tuesday,Snack1,dal,South Indian,Veg,Trimester 2
Tuesday,Snack1,Snake gourd palya/poriyal,South Indian,Veg,Trimester 2
Tuesday,Snack1,Rice,South Indian,Veg,Trimester 2
Tuesday,Snack1,Chickencurry,South Indian,Non-Veg,Trimester 2
Tuesday,Snack1,Beansand carrot,South Indian,Veg,Trimester 2
Tuesday,Snack1,palya/poriyal,South Indian,Veg,Trimester 2
Tuesday,Snack1,Pineapple rasam,South Indian,Veg,Trimester 2
Tuesday,Snack1,Curd,South Indian,Veg,Trimester 2
Tuesday,Snack1,Fishcurry,South Indian,Non-Veg,Trimester 2
Tuesday,Snack1,Bottle gourd,South Indian,Veg,Trimester 2
Tuesday,Snack1,Minced meat pulao,South Indian,Non-Veg,Trimester 2
Tuesday,Snack1,Beetroot and onion salad,South Indian,Veg,Trimester 2
Wednesday,Breakfast,Apple,South Indian,Veg,Trimester 2
Wednesday,Breakfast,Mango,South Indian,Veg,Trimester 2
Wednesday,Breakfast,Guava,South Indian,Veg,Trimester 2
Wednesday,Breakfast,Orange,South Indian,Veg,Trimester 2
Wednesday,Lunch,Milk,South Indian,Veg,Trimester 2
Wednesday,Lunch,Black gram,South Indian,Veg,Trimester 2
Wednesday,Lunch,vada,South Indian,Veg,Trimester 2
Wednesday,Lunch,Almond milk,South Indian,Veg,Trimester 2
Wednesday,Lunch,Wheat rusk,South Indian,Veg,Trimester 2
Wednesday,Lunch,Lemonade,South Indian,Veg,Trimester 2
Wednesday,Lunch,Walnutswith,South Indian,Veg,Trimester 2
Wednesday,Lunch,raisins,South Indian,Veg,Trimester 2
Wednesday,Lunch,Lassi,South Indian,Veg,Trimester 2
Wednesday,Lunch,Vegetable,South Indian,Veg,Trimester 2
Wednesday,Lunch,samosa,South Indian,Veg,Trimester 2
Wednesday,Snack1,Black pomfret curry,South Indian,Veg,Trimester 2
Wednesday,Snack1,Beansand grated coconut,South Indian,Veg,Trimester 2
Wednesday,Snack1,palya/poriyal,South Indian,Veg,Trimester 2
Wednesday,Snack1,Curd,South Indian,Veg,Trimester 2
Wednesday,Snack1,Rice,South Indian,Veg,Trimester 2
Wednesday,Snack1,Pepper lamb fry,South Indian,Veg,Trimester 2
Wednesday,Snack1,Cumin rice,South Indian,Veg,Trimester 2
Wednesday,Snack1,Lemon rasam,South Indian,Veg,Trimester 2
Wednesday,Snack1,Cucumber raita,South Indian,Veg,Trimester 2
Wednesday,Snack1,Turnip and shallots,South Indian,Veg,Trimester 2
Wednesday,Snack1,sambhar,South Indian,Veg,Trimester 2
Wednesday,Snack1,Drumstickgreens,South Indian,Veg,Trimester 2
Wednesday,Snack1,Red lentils and spinach,South Indian,Veg,Trimester 2
Wednesday,Snack1,dal,South Indian,Veg,Trimester 2
Wednesday,Snack1,Eggcurry,South Indian,Non-Veg,Trimester 2
Wednesday,Snack1,Chapati/rice,South Indian,Veg,Trimester 2
Friday,Breakfast,Mango,South Indian,Veg,Trimester 3
Friday,Breakfast,Guava,South Indian,Veg,Trimester 3
Friday,Breakfast,Apple,South Indian,Veg,Trimester 3
Friday,Breakfast,Muskmelon,South Indian,Veg,Trimester 3
Friday,Lunch,Lemonade,South Indian,Veg,Trimester 3
Friday,Lunch,Chickpeas,South Indian,Veg,Trimester 3
Friday,Lunch,sundal,South Indian,Veg,Trimester 3
Friday,Lunch,Indian,South Indian,Veg,Trimester 3
Friday,Lunch,gooseberry,South Indian,Veg,Trimester 3
Friday,Lunch,juice,South Indian,Veg,Trimester 3
Friday,Lunch,Steamed,South Indian,Veg,Trimester 3
Friday,Lunch,peanuts,South Indian,Veg,Trimester 3
Friday,Lunch,Almond milk,South Indian,Veg,Trimester 3
Friday,Lunch,Wheatrusk,South Indian,Veg,Trimester 3
Friday,Lunch,Banana,South Indian,Veg,Trimester 3
Friday,Lunch,milkshake,South Indian,Veg,Trimester 3
Friday,Lunch,Walnutsand,South Indian,Veg,Trimester 3
Friday,Lunch,dates,South Indian,Veg,Trimester 3
Friday,Snack1,Corianderrice,South Indian,Veg,Trimester 3
Friday,Snack1,Cucumber salad,South Indian,Veg,Trimester 3
Friday,Snack1,Onion raita,South Indian,Veg,Trimester 3
Friday,Snack1,Fishcurry,South Indian,Non-Veg,Trimester 3
Friday,Snack1,Tomato rasam,South Indian,Veg,Trimester 3
Friday,Snack1,Rice,South Indian,Veg,Trimester 3
Friday,Snack1,Chickpeascurry,South Indian,Veg,Trimester 3
Friday,Snack1,Garlic rasam,South Indian,Veg,Trimester 3
Friday,Snack1,Chapati/rice,South Indian,Veg,Trimester 3
Friday,Snack1,Mixed lentils dal,South Indian,Veg,Trimester 3
Friday,Snack1,Capsicum broccoli,South Indian,Veg,Trimester 3
Friday,Snack1,and peasmasala,South Indian,Veg,Trimester 3
Friday,Snack1,Cumin rice,South Indian,Veg,Trimester 3
Friday,Snack1,Roasted papad,South Indian,Veg,Trimester 3
Monday,Breakfast,Mixed nuts,South Indian,Veg,Trimester 3
Monday,Breakfast,Sapota,South Indian,Veg,Trimester 3
Monday,Breakfast,Pomegranate,South Indian,Veg,Trimester 3
Monday,Lunch,Tea,South Indian,Veg,Trimester 3
Monday,Lunch,Steamed,South Indian,Veg,Trimester 3
Monday,Lunch,peanuts,South Indian,Veg,Trimester 3
Monday,Lunch,Lemonade,South Indian,Veg,Trimester 3
Monday,Lunch,Sproutssundal,South Indian,Veg,Trimester 3
Monday,Lunch,Tender coconut,South Indian,Veg,Trimester 3
Monday,Lunch,water,South Indian,Veg,Trimester 3
Monday,Lunch,Sweetcorn,South Indian,Veg,Trimester 3
Monday,Lunch,sundal,South Indian,Veg,Trimester 3
Monday,Lunch,Almond milk,South Indian,Veg,Trimester 3
Monday,Lunch,Mixed nuts,South Indian,Veg,Trimester 3
Monday,Snack1,Muttonbiryani,South Indian,Non-Veg,Trimester 3
Monday,Snack1,Brinjalcurry,South Indian,Veg,Trimester 3
Monday,Snack1,Cucumber raita,South Indian,Veg,Trimester 3
Monday,Snack1,Muttonleg soup,South Indian,Non-Veg,Trimester 3
Monday,Snack1,Tomato eggcurry,South Indian,Non-Veg,Trimester 3
Monday,Snack1,Chapati,South Indian,Veg,Trimester 3
Monday,Snack1,Chickencurry,South Indian,Non-Veg,Trimester 3
Monday,Snack1,Bottle gourd,South Indian,Veg,Trimester 3
Monday,Snack1,palya/poriyal,South Indian,Veg,Trimester 3
Monday,Snack1,Curd,South Indian,Veg,Trimester 3
Monday,Snack1,Rice,South Indian,Veg,Trimester 3
Monday,Snack1,Chettinadcrabsoup,South Indian,Veg,Trimester 3
Monday,Snack1,(nandurasam),South Indian,Veg,Trimester 3
Monday,Snack1,Red lentils with snake,South Indian,Veg,Trimester 3
Monday,Snack1,gourd dal,South Indian,Veg,Trimester 3
Saturday,Breakfast,Pomegranate,South Indian,Veg,Trimester 3
Saturday,Breakfast,Banana,South Indian,Veg,Trimester 3
Saturday,Breakfast,Figs,South Indian,Veg,Trimester 3
Saturday,Breakfast,Guava,South Indian,Veg,Trimester 3
Saturday,Dinner,plan |Thirdtrimester: Plan 1,South Indian,Veg,Trimester 3
Saturday,Dinner,n energy boost. Vitamin K,South Indian,Veg,Trimester 3
Saturday,Dinner,e rich in vitamin K.,South Indian,Veg,Trimester 3
Saturday,Dinner,baby. We've highlighted in,South Indian,Veg,Trimester 3
Saturday,Dinner,e highlighted in dark orange,South Indian,Veg,Trimester 3
Saturday,Dinner,ing and afternoon snacks!,South Indian,Veg,Trimester 3
Saturday,Dinner,Dinner,South Indian,Veg,Trimester 3
Saturday,Dinner,Potatoand shallot,South Indian,Veg,Trimester 3
Saturday,Dinner,sambhar,South Indian,Veg,Trimester 3
Saturday,Dinner,Wheat dosa,South Indian,Veg,Trimester 3
Saturday,Dinner,Vegetable kothu,South Indian,Veg,Trimester 3
Saturday,Dinner,parotta,South Indian,Veg,Trimester 3
Saturday,Dinner,Mangopickle,South Indian,Veg,Trimester 3
Saturday,Dinner,Curd,South Indian,Veg,Trimester 3
Saturday,Dinner,Drumstick sambhar,South Indian,Veg,Trimester 3
Saturday,Dinner,Idli,South Indian,Veg,Trimester 3
Saturday,Dinner,Kidney beans curry,South Indian,Veg,Trimester 3
Saturday,Dinner,Parotta,South Indian,Veg,Trimester 3
Saturday,Dinner,Crabmasalacurry,South Indian,Veg,Trimester 3
Saturday,Dinner,Cabbage,South Indian,Veg,Trimester 3
Saturday,Dinner,palya/poriyal,South Indian,Veg,Trimester 3
Saturday,Dinner,Chapati,South Indian,Veg,Trimester 3
Saturday,Dinner,Spinachand red,South Indian,Veg,Trimester 3
Saturday,Dinner,lentils dal,South Indian,Veg,Trimester 3
Saturday,Dinner,Rice,South Indian,Veg,Trimester 3
Saturday,Dinner,Roasted papad,South Indian,Veg,Trimester 3
Saturday,Dinner,Soyachunks (meal,South Indian,Veg,Trimester 3
Saturday,Dinner,maker) curry,South Indian,Veg,Trimester 3
Saturday,Dinner,Cucumber and onion,South Indian,Veg,Trimester 3
Saturday,Dinner,salad,South Indian,Veg,Trimester 3
Saturday,Dinner,www.babycenter.in,South Indian,Veg,Trimester 3
Saturday,Lunch,Mango,South Indian,Veg,Trimester 3
Saturday,Lunch,milkshake,South Indian,Veg,Trimester 3
Saturday,Lunch,Orange juice,South Indian,Veg,Trimester 3
Saturday,Lunch,Cucumber,South Indian,Veg,Trimester 3
Saturday,Lunch,kosambari/,South Indian,Veg,Trimester 3
Saturday,Lunch,kosumalli,South Indian,Veg,Trimester 3
Saturday,Lunch,Lemonade,South Indian,Veg,Trimester 3
Saturday,Lunch,Peasand raw,South Indian,Veg,Trimester 3
Saturday,Lunch,mango sundal,South Indian,Veg,Trimester 3
Saturday,Lunch,Buttermilk,South Indian,Veg,Trimester 3
Saturday,Lunch,(moru/majjige),South Indian,Veg,Trimester 3
Saturday,Lunch,Vegetable,South Indian,Veg,Trimester 3
Saturday,Lunch,cutlet,South Indian,Veg,Trimester 3
Saturday,Snack1,Ginger chickencurry,South Indian,Non-Veg,Trimester 3
Saturday,Snack1,Sweet potato,South Indian,Veg,Trimester 3
Saturday,Snack1,palya/poriyal,South Indian,Veg,Trimester 3
Saturday,Snack1,Curd,South Indian,Veg,Trimester 3
Saturday,Snack1,Rice,South Indian,Veg,Trimester 3
Saturday,Snack1,Peaspulao,South Indian,Veg,Trimester 3
Saturday,Snack1,Soyanuggets (meal,South Indian,Veg,Trimester 3
Saturday,Snack1,maker) and potato,South Indian,Veg,Trimester 3
Saturday,Snack1,curry,South Indian,Veg,Trimester 3
Saturday,Snack1,Beetroot onion salad,South Indian,Veg,Trimester 3
Saturday,Snack1,Prawnfried rice,South Indian,Non-Veg,Trimester 3
Saturday,Snack1,Cauliflower masaladry,South Indian,Veg,Trimester 3
Saturday,Snack1,Tomato and cucumber,South Indian,Veg,Trimester 3
Saturday,Snack1,salad,South Indian,Veg,Trimester 3
Saturday,Snack1,Boiled eggcurry,South Indian,Non-Veg,Trimester 3
Saturday,Snack1,Cucumber and carrot,South Indian,Veg,Trimester 3
Saturday,Snack1,Chapati,South Indian,Veg,Trimester 3
Thursday,Breakfast,Banana,South Indian,Veg,Trimester 3
Thursday,Breakfast,Apple and,South Indian,Veg,Trimester 3
Thursday,Breakfast,walnutsalad,South Indian,Veg,Trimester 3
Thursday,Breakfast,Handful of,South Indian,Veg,Trimester 3
Thursday,Breakfast,dried apricots,South Indian,Veg,Trimester 3
Thursday,Breakfast,and raisins,South Indian,Veg,Trimester 3
Thursday,Breakfast,Apple,South Indian,Veg,Trimester 3
Thursday,Lunch,Almond milk,South Indian,Veg,Trimester 3
Thursday,Lunch,Mixed sprouts,South Indian,Veg,Trimester 3
Thursday,Lunch,Pomegranate,South Indian,Veg,Trimester 3
Thursday,Lunch,Rasam,South Indian,Veg,Trimester 3
Thursday,Lunch,Vada,South Indian,Veg,Trimester 3
Thursday,Lunch,Tender coconut,South Indian,Veg,Trimester 3
Thursday,Lunch,water,South Indian,Veg,Trimester 3
Thursday,Lunch,Roasted sweet,South Indian,Veg,Trimester 3
Thursday,Lunch,corn(bhutta),South Indian,Veg,Trimester 3
Thursday,Snack1,Buttermilk curry with,South Indian,Veg,Trimester 3
Thursday,Snack1,fenugreek greens,South Indian,Veg,Trimester 3
Thursday,Snack1,Chicken 65,South Indian,Non-Veg,Trimester 3
Thursday,Snack1,Pineapple rasam,South Indian,Veg,Trimester 3
Thursday,Snack1,Rice,South Indian,Veg,Trimester 3
Thursday,Snack1,Minced mutton with,South Indian,Non-Veg,Trimester 3
Thursday,Snack1,fenugreek leaves,South Indian,Veg,Trimester 3
Thursday,Snack1,Garlic rasam,South Indian,Veg,Trimester 3
Thursday,Snack1,Curd,South Indian,Veg,Trimester 3
Thursday,Snack1,Mixed sproutspulao,South Indian,Veg,Trimester 3
Thursday,Snack1,Pumpkin raita,South Indian,Veg,Trimester 3
Thursday,Snack1,Muttonsausage curry,South Indian,Non-Veg,Trimester 3
Thursday,Snack1,Turnippalya/poriyal,South Indian,Veg,Trimester 3
Thursday,Snack1,Chapati/rice,South Indian,Veg,Trimester 3
Tuesday,Breakfast,Apple,South Indian,Veg,Trimester 3
Tuesday,Breakfast,Figs,South Indian,Veg,Trimester 3
Tuesday,Breakfast,Banana,South Indian,Veg,Trimester 3
Tuesday,Lunch,Tender,South Indian,Veg,Trimester 3
Tuesday,Lunch,coconut water,South Indian,Veg,Trimester 3
Tuesday,Lunch,Mixed nuts,South Indian,Veg,Trimester 3
Tuesday,Lunch,with raisins,South Indian,Veg,Trimester 3
Tuesday,Lunch,Tender coconut,South Indian,Veg,Trimester 3
Tuesday,Lunch,water,South Indian,Veg,Trimester 3
Tuesday,Lunch,Sapota,South Indian,Veg,Trimester 3
Tuesday,Lunch,milkshake,South Indian,Veg,Trimester 3
Tuesday,Lunch,Murukku,South Indian,Veg,Trimester 3
Tuesday,Lunch,Lemonade,South Indian,Veg,Trimester 3
Tuesday,Snack1,Chickencurry,South Indian,Non-Veg,Trimester 3
Tuesday,Snack1,Vegetable fried rice,South Indian,Veg,Trimester 3
Tuesday,Snack1,Tomato and onion,South Indian,Veg,Trimester 3
Tuesday,Snack1,salad,South Indian,Veg,Trimester 3
Tuesday,Snack1,Chickenbiryani,South Indian,Non-Veg,Trimester 3
Tuesday,Snack1,Brinjalcurry,South Indian,Veg,Trimester 3
Tuesday,Snack1,Onion raita,South Indian,Veg,Trimester 3
Tuesday,Snack1,Ladies finger,South Indian,Veg,Trimester 3
Tuesday,Snack1,sambhar,South Indian,Veg,Trimester 3
Tuesday,Snack1,Sweet potato,South Indian,Veg,Trimester 3
Tuesday,Snack1,palya/poriyal,South Indian,Veg,Trimester 3
Tuesday,Snack1,Pepper rasam,South Indian,Veg,Trimester 3
Tuesday,Snack1,Rice,South Indian,Veg,Trimester 3
Tuesday,Snack1,Fishcurry,South Indian,Non-Veg,Trimester 3
Tuesday,Snack1,Ladies’ finger,South Indian,Veg,Trimester 3
Tuesday,Snack1,Buttermilk,South Indian,Veg,Trimester 3
Tuesday,Snack1,(moru/majjige) with,South Indian,Veg,Trimester 3
Tuesday,Snack1,curry leaves,South Indian,Veg,Trimester 3
Wednesday,Breakfast,Sapota,South Indian,Veg,Trimester 3
Wednesday,Breakfast,Custard apple,South Indian,Veg,Trimester 3
Wednesday,Breakfast,Grapes,South Indian,Veg,Trimester 3
Wednesday,Lunch,Sweet lime,South Indian,Veg,Trimester 3
Wednesday,Lunch,juice,South Indian,Veg,Trimester 3
Wednesday,Lunch,Beetroot,South Indian,Veg,Trimester 3
Wednesday,Lunch,kosambari/,South Indian,Veg,Trimester 3
Wednesday,Lunch,kosumalli,South Indian,Veg,Trimester 3
Wednesday,Lunch,Spiced,South Indian,Veg,Trimester 3
Wednesday,Lunch,buttermilk,South Indian,Veg,Trimester 3
Wednesday,Lunch,(moru/majjige),South Indian,Veg,Trimester 3
Wednesday,Lunch,Sesametoast,South Indian,Veg,Trimester 3
Wednesday,Lunch,Banana,South Indian,Veg,Trimester 3
Wednesday,Lunch,milkshake,South Indian,Veg,Trimester 3
Wednesday,Lunch,Apple juice,South Indian,Veg,Trimester 3
Wednesday,Lunch,Green gram,South Indian,Veg,Trimester 3
Wednesday,Lunch,sprouts sundal,South Indian,Veg,Trimester 3
Wednesday,Snack1,Black pomfretcurry,South Indian,Veg,Trimester 3
Wednesday,Snack1,Beansand grated,South Indian,Veg,Trimester 3
Wednesday,Snack1,coconutpalya/poriyal,South Indian,Veg,Trimester 3
Wednesday,Snack1,Curd,South Indian,Veg,Trimester 3
Wednesday,Snack1,Rice,South Indian,Veg,Trimester 3
Wednesday,Snack1,Red lentils and,South Indian,Veg,Trimester 3
Wednesday,Snack1,pumpkin dal,South Indian,Veg,Trimester 3
Wednesday,Snack1,Horse gramchutney,South Indian,Veg,Trimester 3
Wednesday,Snack1,Coriander rice,South Indian,Veg,Trimester 3
Wednesday,Snack1,Curd rice,South Indian,Veg,Trimester 3
Wednesday,Snack1,Chickenmasala,South Indian,Non-Veg,Trimester 3
Wednesday,Snack1,Roasted papad,South Indian,Veg,Trimester 3
Wednesday,Snack1,Chickenwith,South Indian,Non-Veg,Trimester 3
Wednesday,Snack1,fenugreekgreens,South Indian,Veg,Trimester 3
Wednesday,Snack1,Horse gram chutney,South Indian,Veg,Trimester 3
Wednesday,Snack1,Pepper rasam,South Indian,Veg,Trimester 3
